/*
 Navicat Premium Data Transfer

 Source Server         : 127.0.0.1 MySQL
 Source Server Type    : MySQL
 Source Server Version : 80200 (8.2.0)
 Source Host           : 127.0.0.1:3306
 Source Schema         : ruoyi-vue-pro

 Target Server Type    : MySQL
 Target Server Version : 80200 (8.2.0)
 File Encoding         : 65001

 Date: 14/02/2026 17:04:19
*/

SET NAMES utf8mb4;
SET FOREIGN_KEY_CHECKS = 0;

-- ----------------------------
-- Table structure for iot_alert_config
-- ----------------------------
DROP TABLE IF EXISTS `iot_alert_config`;
CREATE TABLE `iot_alert_config`  (
  `id` bigint UNSIGNED NOT NULL AUTO_INCREMENT COMMENT '配置编号',
  `name` varchar(100) CHARACTER SET utf8mb4 COLLATE utf8mb4_unicode_ci NOT NULL COMMENT '配置名称',
  `description` varchar(512) CHARACTER SET utf8mb4 COLLATE utf8mb4_unicode_ci NULL DEFAULT NULL COMMENT '配置描述',
  `level` tinyint NOT NULL COMMENT '告警级别',
  `status` tinyint NOT NULL DEFAULT 0 COMMENT '配置状态',
  `scene_rule_ids` varchar(1000) CHARACTER SET utf8mb4 COLLATE utf8mb4_unicode_ci NULL DEFAULT NULL COMMENT '关联的场景联动规则编号数组',
  `receive_user_ids` varchar(1000) CHARACTER SET utf8mb4 COLLATE utf8mb4_unicode_ci NULL DEFAULT NULL COMMENT '接收的用户编号数组',
  `receive_types` varchar(500) CHARACTER SET utf8mb4 COLLATE utf8mb4_unicode_ci NULL DEFAULT NULL COMMENT '接收的类型数组',
  `creator` varchar(64) CHARACTER SET utf8mb4 COLLATE utf8mb4_unicode_ci NULL DEFAULT '' COMMENT '创建者',
  `create_time` datetime NOT NULL DEFAULT CURRENT_TIMESTAMP COMMENT '创建时间',
  `updater` varchar(64) CHARACTER SET utf8mb4 COLLATE utf8mb4_unicode_ci NULL DEFAULT '' COMMENT '更新者',
  `update_time` datetime NOT NULL DEFAULT CURRENT_TIMESTAMP ON UPDATE CURRENT_TIMESTAMP COMMENT '更新时间',
  `deleted` bit(1) NOT NULL DEFAULT b'0' COMMENT '是否删除',
  `tenant_id` bigint NOT NULL DEFAULT 0 COMMENT '租户编号',
  PRIMARY KEY (`id`) USING BTREE
) ENGINE = InnoDB AUTO_INCREMENT = 3 CHARACTER SET = utf8mb4 COLLATE = utf8mb4_unicode_ci COMMENT = 'IoT 告警配置表';

-- ----------------------------
-- Records of iot_alert_config
-- ----------------------------
BEGIN;
INSERT INTO `iot_alert_config` (`id`, `name`, `description`, `level`, `status`, `scene_rule_ids`, `receive_user_ids`, `receive_types`, `creator`, `create_time`, `updater`, `update_time`, `deleted`, `tenant_id`) VALUES (1, '11', '2', 1, 0, '3,1', '1,100', '1,2', '1', '2025-06-27 23:37:06', '1', '2025-06-27 23:40:27', b'0', 1), (2, '高度超标告警', NULL, 1, 0, '5', '1', '3', '1', '2026-02-13 20:35:40', '1', '2026-02-13 20:35:40', b'0', 1);
COMMIT;

-- ----------------------------
-- Table structure for iot_alert_record
-- ----------------------------
DROP TABLE IF EXISTS `iot_alert_record`;
CREATE TABLE `iot_alert_record`  (
  `id` bigint NOT NULL AUTO_INCREMENT COMMENT '记录编号',
  `config_id` bigint NOT NULL COMMENT '告警配置编号',
  `config_name` varchar(128) CHARACTER SET utf8mb4 COLLATE utf8mb4_unicode_ci NOT NULL COMMENT '告警名称',
  `config_level` tinyint NOT NULL COMMENT '告警级别',
  `scene_rule_id` bigint NOT NULL COMMENT '场景联动规则编号',
  `product_id` bigint NULL DEFAULT NULL COMMENT '产品编号',
  `device_id` bigint NULL DEFAULT NULL COMMENT '设备编号',
  `device_message` varchar(2048) CHARACTER SET utf8mb4 COLLATE utf8mb4_unicode_ci NULL DEFAULT NULL COMMENT '触发的设备消息',
  `process_status` bit(1) NOT NULL DEFAULT b'0' COMMENT '是否处理',
  `process_remark` varchar(512) CHARACTER SET utf8mb4 COLLATE utf8mb4_unicode_ci NULL DEFAULT '' COMMENT '处理结果（备注）',
  `creator` varchar(64) CHARACTER SET utf8mb4 COLLATE utf8mb4_unicode_ci NULL DEFAULT '' COMMENT '创建者',
  `create_time` datetime NOT NULL DEFAULT CURRENT_TIMESTAMP COMMENT '创建时间',
  `updater` varchar(64) CHARACTER SET utf8mb4 COLLATE utf8mb4_unicode_ci NULL DEFAULT '' COMMENT '更新者',
  `update_time` datetime NOT NULL DEFAULT CURRENT_TIMESTAMP ON UPDATE CURRENT_TIMESTAMP COMMENT '更新时间',
  `deleted` bit(1) NOT NULL DEFAULT b'0' COMMENT '是否删除',
  `tenant_id` bigint NOT NULL DEFAULT 0 COMMENT '租户编号',
  PRIMARY KEY (`id`) USING BTREE
) ENGINE = InnoDB AUTO_INCREMENT = 6 CHARACTER SET = utf8mb4 COLLATE = utf8mb4_unicode_ci COMMENT = 'IoT 告警记录表';

-- ----------------------------
-- Records of iot_alert_record
-- ----------------------------
BEGIN;
INSERT INTO `iot_alert_record` (`id`, `config_id`, `config_name`, `config_level`, `scene_rule_id`, `product_id`, `device_id`, `device_message`, `process_status`, `process_remark`, `creator`, `create_time`, `updater`, `update_time`, `deleted`, `tenant_id`) VALUES (1, 1, '测试配置', 1, 0, 16, 25, '{\"id\":\"dc3d96506bd346f6bc050a40b22351de\",\"reportTime\":1751097989116,\"deviceId\":25,\"tenantId\":1,\"serverId\":\"192_168_64_1_8092\",\"requestId\":\"dc3d96506bd346f6bc050a40b22351de\",\"method\":\"thing.state.update\",\"params\":{\"state\":1},\"data\":null,\"code\":null,\"msg\":null}', b'0', '3213211', '', '2025-06-28 08:08:17', '1', '2026-02-13 12:31:00', b'0', 1), (2, 1, '测试配置', 1, 0, NULL, NULL, '', b'1', '3213211', '', '2025-06-28 08:08:17', '1', '2025-06-28 08:35:45', b'0', 1), (3, 2, '高度超标告警', 1, 5, 16, 25, '{\"id\":\"30fc8edd63cb4d1bacef289f9d225815\",\"reportTime\":1770986155393,\"deviceId\":25,\"tenantId\":1,\"serverId\":null,\"requestId\":\"30fc8edd63cb4d1bacef289f9d225815\",\"method\":\"thing.property.post\",\"params\":{\"height\":\"2500\"},\"data\":null,\"code\":null,\"msg\":null}', b'0', '', NULL, '2026-02-13 20:35:58', NULL, '2026-02-13 20:35:58', b'0', 1), (4, 2, '高度超标告警', 1, 5, 16, 25, '{\"id\":\"abcbe301cdd8408c995585997475008c\",\"reportTime\":1770993895483,\"deviceId\":25,\"tenantId\":1,\"serverId\":null,\"requestId\":\"abcbe301cdd8408c995585997475008c\",\"method\":\"thing.property.post\",\"params\":{\"width\":\"1000\",\"height\":\"3000\"},\"data\":null,\"code\":null,\"msg\":null}', b'0', '', NULL, '2026-02-13 22:44:56', NULL, '2026-02-13 22:44:56', b'0', 1), (5, 2, '高度超标告警', 1, 5, 16, 25, '{\"id\":\"abcbe301cdd8408c995585997475008c\",\"reportTime\":1770993895483,\"deviceId\":25,\"tenantId\":1,\"serverId\":null,\"requestId\":\"abcbe301cdd8408c995585997475008c\",\"method\":\"thing.property.post\",\"params\":{\"width\":\"1000\",\"height\":\"3000\"},\"data\":null,\"code\":null,\"msg\":null}', b'0', '', NULL, '2026-02-13 22:50:35', NULL, '2026-02-13 22:50:35', b'0', 1);
COMMIT;

-- ----------------------------
-- Table structure for iot_data_rule
-- ----------------------------
DROP TABLE IF EXISTS `iot_data_rule`;
CREATE TABLE `iot_data_rule`  (
  `id` bigint NOT NULL AUTO_INCREMENT COMMENT '数据流转规格编号',
  `name` varchar(128) CHARACTER SET utf8mb4 COLLATE utf8mb4_unicode_ci NOT NULL COMMENT '数据流转规格名称',
  `description` varchar(256) CHARACTER SET utf8mb4 COLLATE utf8mb4_unicode_ci NULL DEFAULT '' COMMENT '数据流转规格描述',
  `status` int NOT NULL COMMENT '数据流转规格状态',
  `source_configs` varchar(10000) CHARACTER SET utf8mb4 COLLATE utf8mb4_unicode_ci NOT NULL COMMENT '数据源配置数组',
  `sink_ids` varchar(512) CHARACTER SET utf8mb4 COLLATE utf8mb4_unicode_ci NOT NULL COMMENT '数据目的编号数组',
  `creator` varchar(64) CHARACTER SET utf8mb4 COLLATE utf8mb4_unicode_ci NULL DEFAULT '' COMMENT '创建者',
  `create_time` datetime NOT NULL DEFAULT CURRENT_TIMESTAMP COMMENT '创建时间',
  `updater` varchar(64) CHARACTER SET utf8mb4 COLLATE utf8mb4_unicode_ci NULL DEFAULT '' COMMENT '更新者',
  `update_time` datetime NOT NULL DEFAULT CURRENT_TIMESTAMP ON UPDATE CURRENT_TIMESTAMP COMMENT '更新时间',
  `deleted` bit(1) NOT NULL DEFAULT b'0' COMMENT '是否删除',
  `tenant_id` bigint NOT NULL DEFAULT 0 COMMENT '租户编号',
  PRIMARY KEY (`id`) USING BTREE
) ENGINE = InnoDB AUTO_INCREMENT = 7 CHARACTER SET = utf8mb4 COLLATE = utf8mb4_unicode_ci COMMENT = 'IoT 数据流转规则表';

-- ----------------------------
-- Records of iot_data_rule
-- ----------------------------
BEGIN;
INSERT INTO `iot_data_rule` (`id`, `name`, `description`, `status`, `source_configs`, `sink_ids`, `creator`, `create_time`, `updater`, `update_time`, `deleted`, `tenant_id`) VALUES (4, '1', '2', 0, '[{\"method\":\"thing.property.post\",\"productId\":16,\"deviceId\":25,\"identifier\":null}]', '11,12', '1', '2025-06-25 13:22:11', '1', '2025-06-26 09:44:48', b'0', 1), (5, '1', '2', 0, '[{\"method\":\"thing.state.update\",\"productId\":4,\"deviceId\":0,\"identifier\":null}]', '11', '1', '2025-11-21 11:27:33', '1', '2025-11-21 11:27:38', b'1', 1), (6, '演示规则', '', 0, '[{\"method\":\"thing.property.post\",\"productId\":16,\"deviceId\":25,\"identifier\":null}]', '13', '1', '2026-02-13 22:00:41', '1', '2026-02-13 22:00:41', b'0', 1);
COMMIT;

-- ----------------------------
-- Table structure for iot_data_sink
-- ----------------------------
DROP TABLE IF EXISTS `iot_data_sink`;
CREATE TABLE `iot_data_sink`  (
  `id` bigint NOT NULL AUTO_INCREMENT COMMENT '数据流转目的编号',
  `name` varchar(128) CHARACTER SET utf8mb4 COLLATE utf8mb4_unicode_ci NOT NULL COMMENT '数据流转目的名称',
  `description` varchar(255) CHARACTER SET utf8mb4 COLLATE utf8mb4_unicode_ci NULL DEFAULT '' COMMENT '桥梁描述',
  `status` int NOT NULL COMMENT '桥梁状态',
  `type` int NOT NULL COMMENT '桥梁类型',
  `config` json NULL COMMENT '桥梁配置',
  `creator` varchar(64) CHARACTER SET utf8mb4 COLLATE utf8mb4_unicode_ci NULL DEFAULT '' COMMENT '创建者',
  `create_time` datetime NOT NULL DEFAULT CURRENT_TIMESTAMP COMMENT '创建时间',
  `updater` varchar(64) CHARACTER SET utf8mb4 COLLATE utf8mb4_unicode_ci NULL DEFAULT '' COMMENT '更新者',
  `update_time` datetime NOT NULL DEFAULT CURRENT_TIMESTAMP ON UPDATE CURRENT_TIMESTAMP COMMENT '更新时间',
  `deleted` bit(1) NOT NULL DEFAULT b'0' COMMENT '是否删除',
  `tenant_id` bigint NOT NULL DEFAULT 0 COMMENT '租户编号',
  PRIMARY KEY (`id`) USING BTREE
) ENGINE = InnoDB AUTO_INCREMENT = 14 CHARACTER SET = utf8mb4 COLLATE = utf8mb4_unicode_ci COMMENT = 'IoT 数据流转目的';

-- ----------------------------
-- Records of iot_data_sink
-- ----------------------------
BEGIN;
INSERT INTO `iot_data_sink` (`id`, `name`, `description`, `status`, `type`, `config`, `creator`, `create_time`, `updater`, `update_time`, `deleted`, `tenant_id`) VALUES (11, '插座', '', 1, 30, '{\"tags\": \"test-tag\", \"type\": \"30\", \"group\": \"test-group\", \"topic\": \"test-topic\", \"accessKey\": \" \", \"secretKey\": \" \", \"nameServer\": \"127.0.0.1:9876\"}', '1', '2025-03-14 16:55:18', '1', '2026-01-17 18:52:41', b'0', 1), (12, 'biubiu', 'xx', 1, 1, '{\"url\": \"http://127.0.0.1:8080/test\", \"body\": \"\", \"type\": \"1\", \"query\": {}, \"method\": \"POST\", \"headers\": {}}', '1', '2025-06-24 22:25:31', '1', '2026-02-13 22:02:57', b'0', 1), (13, '演示 HTTP 目的地', '', 0, 1, '{\"url\": \"https://httpbin.org/post\", \"body\": \"\", \"type\": \"1\", \"query\": {}, \"method\": \"POST\", \"headers\": {}}', '1', '2026-02-13 22:00:12', '1', '2026-02-13 22:48:09', b'0', 1);
COMMIT;

-- ----------------------------
-- Table structure for iot_device
-- ----------------------------
DROP TABLE IF EXISTS `iot_device`;
CREATE TABLE `iot_device`  (
  `id` bigint UNSIGNED NOT NULL AUTO_INCREMENT COMMENT '设备 ID，主键，自增',
  `device_name` varchar(255) CHARACTER SET utf8mb4 COLLATE utf8mb4_unicode_ci NOT NULL COMMENT '设备名称，在产品内唯一，用于标识设备',
  `nickname` varchar(255) CHARACTER SET utf8mb4 COLLATE utf8mb4_unicode_ci NULL DEFAULT NULL COMMENT '设备备注名称，供用户自定义备注',
  `serial_number` varchar(100) CHARACTER SET utf8mb4 COLLATE utf8mb4_unicode_ci NULL DEFAULT NULL COMMENT '设备序列号',
  `pic_url` varchar(512) CHARACTER SET utf8mb4 COLLATE utf8mb4_unicode_ci NULL DEFAULT NULL COMMENT '设备图片',
  `group_ids` varchar(512) CHARACTER SET utf8mb4 COLLATE utf8mb4_unicode_ci NULL DEFAULT NULL COMMENT '设备分组编号集合',
  `product_id` bigint UNSIGNED NOT NULL COMMENT '产品 ID',
  `product_key` varchar(255) CHARACTER SET utf8mb4 COLLATE utf8mb4_unicode_ci NOT NULL COMMENT '产品 Key',
  `device_type` tinyint UNSIGNED NOT NULL DEFAULT 0 COMMENT '设备类型，参见 IotProductDeviceTypeEnum 枚举',
  `gateway_id` bigint UNSIGNED NULL DEFAULT NULL COMMENT '网关设备 ID，子设备需要关联的网关设备 ID',
  `state` tinyint UNSIGNED NOT NULL DEFAULT 0 COMMENT '设备状态，参见 IotDeviceStateEnum 枚举',
  `online_time` datetime NULL DEFAULT NULL COMMENT '最后上线时间',
  `offline_time` datetime NULL DEFAULT NULL COMMENT '最后离线时间',
  `active_time` datetime NULL DEFAULT NULL COMMENT '设备激活时间',
  `firmware_id` bigint NULL DEFAULT NULL COMMENT 'OTA 固件编号',
  `device_secret` varchar(255) CHARACTER SET utf8mb4 COLLATE utf8mb4_unicode_ci NULL DEFAULT NULL COMMENT '设备密钥，用于设备认证，需安全存储',
  `latitude` decimal(10, 6) NULL DEFAULT NULL COMMENT '设备位置的纬度',
  `longitude` decimal(10, 6) NULL DEFAULT NULL COMMENT '设备位置的经度',
  `config` varchar(1024) CHARACTER SET utf8mb4 COLLATE utf8mb4_unicode_ci NULL DEFAULT NULL COMMENT '设备配置，JSON 格式',
  `creator` varchar(64) CHARACTER SET utf8mb4 COLLATE utf8mb4_unicode_ci NULL DEFAULT '' COMMENT '创建者',
  `create_time` datetime NOT NULL DEFAULT CURRENT_TIMESTAMP COMMENT '创建时间',
  `updater` varchar(64) CHARACTER SET utf8mb4 COLLATE utf8mb4_unicode_ci NULL DEFAULT '' COMMENT '更新者',
  `update_time` datetime NOT NULL DEFAULT CURRENT_TIMESTAMP ON UPDATE CURRENT_TIMESTAMP COMMENT '更新时间',
  `deleted` bit(1) NOT NULL DEFAULT b'0' COMMENT '是否删除',
  `tenant_id` bigint NOT NULL DEFAULT 0 COMMENT '租户编号',
  PRIMARY KEY (`id`) USING BTREE,
  UNIQUE INDEX `uniq_device_name_product_id`(`device_name` ASC, `product_id` ASC) USING BTREE,
  INDEX `idx_product_id`(`product_id` ASC) USING BTREE,
  INDEX `idx_gateway_id`(`gateway_id` ASC) USING BTREE
) ENGINE = InnoDB AUTO_INCREMENT = 83 CHARACTER SET = utf8mb4 COLLATE = utf8mb4_unicode_ci COMMENT = 'IoT 设备表';

-- ----------------------------
-- Records of iot_device
-- ----------------------------
BEGIN;
INSERT INTO `iot_device` (`id`, `device_name`, `nickname`, `serial_number`, `pic_url`, `group_ids`, `product_id`, `product_key`, `device_type`, `gateway_id`, `state`, `online_time`, `offline_time`, `active_time`, `firmware_id`, `device_secret`, `latitude`, `longitude`, `config`, `creator`, `create_time`, `updater`, `update_time`, `deleted`, `tenant_id`) VALUES (6, '0010', '电表家里2', NULL, NULL, '17', 4, '1de24640dfe', 0, NULL, 0, NULL, NULL, NULL, NULL, '705580aaafbd45d2aa0dd74fd3d1b1b2', NULL, NULL, NULL, '1', '2024-09-21 20:17:28', '1', '2025-07-05 02:01:18', b'1', 1), (8, 'dianbiao1', '智能电表1', NULL, NULL, '16', 5, 'f13f57c63e9', 0, NULL, 1, '2025-03-08 21:41:50', '2025-03-08 21:41:43', '2024-10-31 21:43:55', NULL, '38a357dd4997418e822b1c679a5dd448', NULL, NULL, NULL, '1', '2024-10-27 10:33:22', NULL, '2025-07-05 02:01:18', b'0', 1), (9, 'new-123', NULL, NULL, NULL, '17', 4, '1de24640dfe', 0, NULL, 0, NULL, NULL, NULL, 1, '33dc27fd54be4d0e871b8acdc7335c7f', NULL, NULL, NULL, '1', '2024-12-06 09:38:06', '1', '2025-07-05 02:01:18', b'0', 1), (10, 'test333', NULL, NULL, NULL, '16,17', 10, 'YzvHxd4r67sT4s2B', 0, NULL, 0, NULL, NULL, NULL, NULL, 'f0fc32eab0244d169368ddf5adc03366', NULL, NULL, NULL, '1', '2024-12-14 13:34:08', '1', '2025-07-05 02:01:18', b'0', 1), (11, 'AA:BB', NULL, NULL, NULL, '17', 4, '1de24640dfe', 0, NULL, 0, NULL, NULL, NULL, NULL, '805c69c341e2472fb23ec24c0afbeb94', NULL, NULL, NULL, '1', '2024-12-14 15:55:26', '1', '2025-07-05 02:01:18', b'0', 1), (12, 'gateway110', NULL, NULL, NULL, '17', 9, 'PHg5XcqNfDt4tk3p', 2, NULL, 0, NULL, NULL, NULL, NULL, '0fba9833cead44a8ac743bc273f596a0', NULL, NULL, NULL, '1', '2024-12-14 15:58:28', '1', '2025-07-05 02:01:18', b'0', 1), (13, 'biubiu', NULL, NULL, NULL, '', 11, 'jAufEMTF1W6wnPhn', 1, 12, 0, NULL, NULL, NULL, NULL, 'e03dff4f4b2f487b9c8febb40d643c94', NULL, NULL, NULL, '1', '2024-12-14 16:01:13', '1', '2025-07-05 02:01:18', b'0', 1), (14, 'test01', NULL, NULL, NULL, '', 9, 'PHg5XcqNfDt4tk3p', 2, NULL, 0, NULL, NULL, NULL, NULL, '4efe0f34fddc4e978b336f0f851923b3', NULL, NULL, NULL, '1', '2024-12-14 19:09:55', '1', '2025-07-05 02:01:18', b'1', 1), (15, '温度传感器001', NULL, NULL, NULL, '16,17', 4, '1de24640dfe', 0, 12, 0, NULL, NULL, NULL, NULL, '2d92c51a52ec470d8f09ca410a5983b3', NULL, NULL, NULL, '1', '2024-12-15 10:45:47', '1', '2025-07-05 02:01:18', b'0', 1), (16, 'abc_45', NULL, NULL, NULL, '', 4, '1de24640dfe', 0, NULL, 0, NULL, NULL, NULL, NULL, '88d121a0da9d4ea58cc48bcdeef6313e', NULL, NULL, NULL, '1', '2024-12-16 13:31:29', '1', '2025-07-05 02:01:18', b'0', 1), (17, 'acb-sdsd', NULL, NULL, NULL, '', 4, '1de24640dfe', 0, NULL, 0, NULL, NULL, NULL, NULL, '5ac8a92454d946539dc4e8a52a61e6c8', NULL, NULL, NULL, '1', '2024-12-16 13:32:31', '1', '2025-07-05 02:01:18', b'0', 1), (18, 'dsad', NULL, NULL, NULL, '', 4, '1de24640dfe', 0, NULL, 0, NULL, NULL, NULL, NULL, '506bef8827a1468d921eeab356938f15', NULL, NULL, NULL, '1', '2024-12-16 13:33:06', '1', '2025-07-05 02:01:18', b'1', 1), (19, 'ssss', NULL, NULL, NULL, '', 12, 'CJVS54fObwZJ9Qe5CJVS54fObwZJ9Qe5', 0, NULL, 0, NULL, NULL, NULL, NULL, '7609964cfa844ee68d1288b35de25b97', NULL, NULL, NULL, '1', '2024-12-16 13:57:16', '1', '2025-07-05 02:01:18', b'0', 1), (20, '545465464', NULL, NULL, NULL, '', 5, 'f13f57c63e9', 0, NULL, 0, NULL, NULL, NULL, NULL, 'd2776a58bdc6422ea5d48ca502eb1782', NULL, NULL, NULL, '1', '2024-12-30 21:33:06', '1', '2025-07-05 02:01:18', b'1', 1), (21, 'fjb_001', NULL, NULL, NULL, '', 15, 'efCs2ruTcmchWF61', 0, NULL, 1, '2025-02-20 16:55:20', NULL, '2025-02-20 16:55:20', NULL, 'cbd9a823c53644e4bffe163cdb0075dc', NULL, NULL, NULL, '1', '2024-12-31 16:56:40', NULL, '2025-07-05 02:01:18', b'0', 1), (22, 'testtest', NULL, NULL, NULL, '', 15, 'efCs2ruTcmchWF61', 0, NULL, 1, '2025-02-20 16:53:33', '2025-02-20 16:53:32', '2025-02-20 16:53:32', NULL, '03e224e5dfb042ddb367fb632b542cc9', NULL, NULL, NULL, '1', '2025-01-24 14:05:01', '1', '2025-07-05 02:01:18', b'0', 1), (23, 'bintest', NULL, NULL, NULL, '', 16, '4aymZgOTOOCrDKRT', 0, NULL, 0, '2025-01-24 14:20:19', NULL, '2025-01-24 14:20:19', NULL, '66cd0ab9f4fb43e99d1fd965dad263db', 39.912344, 116.381003, NULL, '1', '2025-01-24 14:13:13', '1', '2026-01-21 13:22:07', b'0', 1), (24, 'kejie', NULL, NULL, NULL, '', 4, '1de24640dfe', 0, NULL, 1, '2025-02-20 16:53:44', NULL, '2025-01-29 11:09:55', NULL, '1625a3918ae7498ba616124d987ae923', NULL, NULL, '{\"abc\":\"efgee\"}', '1', '2025-01-27 13:47:22', '1', '2025-07-05 02:01:18', b'0', 1), (25, 'small', '12345', NULL, NULL, '', 16, '4aymZgOTOOCrDKRT', 0, NULL, 1, '2026-02-13 18:12:25', '2026-02-12 18:05:21', '2025-01-29 11:25:43', 2, '0baa4c2ecc104ae1a26b4070c218bdf3', 2.000000, 1.000000, 'null', '1', '2025-01-27 16:37:08', NULL, '2026-02-13 18:12:25', b'0', 1), (27, 'a', 'dylan\'s device', NULL, NULL, NULL, 11, 'jAufEMTF1W6wnPhn', 1, 12, 1, '2025-02-21 09:03:44', NULL, '2025-02-21 09:03:44', NULL, '9dbc3808b9634894bf8c31fb471ae795', NULL, NULL, '{\"abc\":\"123\"}', NULL, '2025-02-08 20:50:04', '1', '2025-07-05 02:01:18', b'0', 1), (28, 'jiali001', '家里001', '000001', NULL, '17', 7, 'dcba9928e37', 0, NULL, 1, '2025-03-15 16:38:28', NULL, '2025-03-15 16:38:28', NULL, '4f32b188da644e99b055544376dbecaf', NULL, NULL, NULL, '1', '2025-03-15 16:37:44', '1', '2025-07-05 02:01:18', b'1', 1), (29, 'jiali001', '家里001', '000001', NULL, '17', 17, 'fqTn4Afs982Nak4N', 0, NULL, 1, '2025-03-15 17:52:21', '2025-03-15 17:52:16', '2025-03-15 17:10:12', NULL, '0ee694bbc2674fe78584f198195acb70', NULL, NULL, '{\"xx\":\"yy\",\"qq\":2}', '1', '2025-03-15 16:39:40', '1', '2025-07-05 02:01:18', b'0', 1), (30, 'demo01', NULL, NULL, NULL, '', 20, 'modbus-tcp-demo', 0, NULL, 1, '2026-02-08 22:44:39', NULL, '2026-01-17 23:33:44', NULL, '1e0f6e168c024d0392dc96ec2f8d6ba7', 41.231395, 124.610078, NULL, '1', '2026-01-17 19:02:39', '1', '2026-02-08 22:45:15', b'1', 1), (31, 'sub-ddd', NULL, NULL, NULL, '', 21, 'm6XcS1ZJ3TW8eC0v', 2, NULL, 1, '2026-02-03 14:45:50', '2026-02-01 03:32:41', '2026-01-24 21:37:59', NULL, 'b3d62c70f8a4495487ed1d35d61ac2b3', NULL, NULL, '{\"v1\":1,\"v2\":\"2\"}', '1', '2026-01-22 00:45:54', '1', '2026-02-10 17:05:59', b'0', 1), (32, 'chazuo', NULL, NULL, NULL, '', 8, 'zXXHolcC2Hfxd7I1', 2, NULL, 0, NULL, NULL, NULL, NULL, '84bf90591a59412c9b88a754d548a5b2', NULL, NULL, NULL, '1', '2026-01-22 00:47:20', '1', '2026-01-22 00:47:38', b'1', 1), (33, 'chazuo-it', NULL, NULL, NULL, '', 11, 'jAufEMTF1W6wnPhn', 1, 31, 2, '2026-01-25 22:11:36', '2026-01-27 00:04:40', '2026-01-24 22:23:23', NULL, 'd46ef9b28ab14238b9c00a3a668032af', NULL, NULL, NULL, '1', '2026-01-22 00:48:06', NULL, '2026-02-03 14:45:50', b'0', 1), (34, 'test-1769330415908', NULL, NULL, NULL, NULL, 16, '4aymZgOTOOCrDKRT', 0, NULL, 0, NULL, NULL, NULL, NULL, '769886d9e3f94d9caec2289a6dcb756b', NULL, NULL, NULL, NULL, '2026-01-25 16:40:16', NULL, '2026-01-25 16:40:16', b'0', 1), (35, 'balabala', NULL, NULL, NULL, '', 21, 'm6XcS1ZJ3TW8eC0v', 2, NULL, 0, NULL, NULL, NULL, NULL, '55ff23cac303448ab74b048ede1efada', NULL, NULL, NULL, '1', '2026-01-25 16:41:30', '1', '2026-01-25 16:41:39', b'1', 1), (36, 'mougezishebei', NULL, NULL, NULL, '', 11, 'jAufEMTF1W6wnPhn', 1, NULL, 0, NULL, NULL, NULL, NULL, 'dd0a1e710bbe4a57b8aa1faf8767e8d5', NULL, NULL, NULL, '1', '2026-01-25 16:42:00', NULL, '2026-02-12 03:20:38', b'0', 1), (37, 'test-1769340407229', NULL, NULL, NULL, NULL, 16, '4aymZgOTOOCrDKRT', 0, NULL, 0, NULL, NULL, NULL, NULL, 'f9f1a4573a9a4476a8544901a60bbc13', NULL, NULL, NULL, NULL, '2026-01-25 19:26:47', '1', '2026-02-07 22:44:01', b'1', 1), (38, 'test-1769343854384', NULL, NULL, NULL, NULL, 16, '4aymZgOTOOCrDKRT', 0, NULL, 0, NULL, NULL, NULL, NULL, 'a0df41f6e5144105826a5ddb331a456e', NULL, NULL, NULL, NULL, '2026-01-25 20:24:14', '1', '2026-02-07 22:44:01', b'1', 1), (39, 'test-1769401423394', NULL, NULL, NULL, NULL, 16, '4aymZgOTOOCrDKRT', 0, NULL, 0, NULL, NULL, NULL, NULL, '3adaaba3faeb49749fcfe6c8d60b82de', NULL, NULL, NULL, NULL, '2026-01-26 12:23:44', '1', '2026-02-07 22:44:01', b'1', 1), (40, 'test-tcp-1769434285110', NULL, NULL, NULL, NULL, 16, '4aymZgOTOOCrDKRT', 0, NULL, 0, NULL, NULL, NULL, NULL, 'a16a4f73a57d40bb96ee4eca1b0d3a1c', NULL, NULL, NULL, NULL, '2026-01-26 21:31:25', '1', '2026-02-07 22:43:51', b'1', 1), (41, 'test-mqtt-1769442101041', NULL, NULL, NULL, NULL, 16, '4aymZgOTOOCrDKRT', 0, NULL, 0, NULL, NULL, NULL, NULL, 'f6c621937a694ba9acfd1b6b0af4f66b', NULL, NULL, NULL, NULL, '2026-01-26 23:41:41', '1', '2026-02-07 22:43:51', b'1', 1), (42, 'test-ws-1769494399710', NULL, NULL, NULL, NULL, 16, '4aymZgOTOOCrDKRT', 0, NULL, 0, NULL, NULL, NULL, NULL, '445b9aaf49f94ba39b51905ae785d535', NULL, NULL, NULL, NULL, '2026-01-27 14:13:20', '1', '2026-02-07 22:43:51', b'1', 1), (43, 'test-tcp-1769886358277', NULL, NULL, NULL, NULL, 16, '4aymZgOTOOCrDKRT', 0, NULL, 0, NULL, NULL, NULL, NULL, '2c32c90904624ff0aed2d8d571079c35', NULL, NULL, NULL, NULL, '2026-02-01 03:05:59', '1', '2026-02-07 22:43:51', b'1', 1), (44, 'test-udp-1769920415009', NULL, NULL, NULL, NULL, 16, '4aymZgOTOOCrDKRT', 0, NULL, 0, NULL, NULL, NULL, NULL, '051d50750e4b491798c9673b365d963e', NULL, NULL, NULL, NULL, '2026-02-01 12:33:35', '1', '2026-02-07 22:43:51', b'1', 1), (45, 'test-mqtt-1769953732108', NULL, NULL, NULL, NULL, 16, '4aymZgOTOOCrDKRT', 0, NULL, 0, NULL, NULL, NULL, NULL, '383062f8ee1242589db8031897017890', NULL, NULL, NULL, NULL, '2026-02-01 21:48:52', '1', '2026-02-07 22:43:51', b'1', 1), (46, 'test-mqtt-1769954867274', NULL, NULL, NULL, NULL, 16, '4aymZgOTOOCrDKRT', 0, NULL, 0, NULL, NULL, NULL, NULL, '098e2a73ec384aa4bfaeaa79060738c4', NULL, NULL, NULL, NULL, '2026-02-01 22:07:47', '1', '2026-02-07 22:43:51', b'1', 1), (47, 'test-mqtt-1769954899502', NULL, NULL, NULL, NULL, 16, '4aymZgOTOOCrDKRT', 0, NULL, 0, NULL, NULL, NULL, NULL, '9d20b716fcf944ac9dd09981d6e9672b', NULL, NULL, NULL, NULL, '2026-02-01 22:08:20', '1', '2026-02-07 22:43:51', b'1', 1), (48, 'test-1769964550851', NULL, NULL, NULL, NULL, 16, '4aymZgOTOOCrDKRT', 0, NULL, 0, NULL, NULL, NULL, NULL, 'b2a679a02f6545c0981e1b82240f02c5', NULL, NULL, NULL, NULL, '2026-02-02 00:49:11', '1', '2026-02-07 22:43:51', b'1', 1), (49, 'test-mqtt-1769992401585', NULL, NULL, NULL, NULL, 16, '4aymZgOTOOCrDKRT', 0, NULL, 0, NULL, NULL, NULL, NULL, 'b809c291a7aa472193d41e41ab2eabb3', NULL, NULL, NULL, NULL, '2026-02-02 08:33:22', '1', '2026-02-07 22:43:51', b'1', 1), (50, 'test-mqtt-1769995250899', NULL, NULL, NULL, NULL, 16, '4aymZgOTOOCrDKRT', 0, NULL, 0, NULL, NULL, NULL, NULL, '5eacb5c8621145f5b33eb12206b7a4a5', NULL, NULL, NULL, NULL, '2026-02-02 09:20:51', '1', '2026-02-07 22:43:40', b'1', 1), (51, 'test-mqtt-1770124854510', NULL, NULL, NULL, NULL, 16, '4aymZgOTOOCrDKRT', 0, NULL, 0, NULL, NULL, NULL, NULL, '4ade777003984ea4a961d8b47a7873f4', NULL, NULL, NULL, NULL, '2026-02-03 21:21:03', '1', '2026-02-07 22:43:40', b'1', 1), (52, 'test-mqtt-1770124954448', NULL, NULL, NULL, NULL, 16, '4aymZgOTOOCrDKRT', 0, NULL, 0, NULL, NULL, NULL, NULL, '7d20d53a11554fca8ebc060c9dddda95', NULL, NULL, NULL, NULL, '2026-02-03 21:22:35', '1', '2026-02-07 22:43:40', b'1', 1), (53, 'test-mqtt-1770124982510', NULL, NULL, NULL, NULL, 16, '4aymZgOTOOCrDKRT', 0, NULL, 0, NULL, NULL, NULL, NULL, '7616744b523f439585a0c692f0a9cdde', NULL, NULL, NULL, NULL, '2026-02-03 21:23:03', '1', '2026-02-07 22:43:40', b'1', 1), (54, 'test-mqtt-1770125063868', NULL, NULL, NULL, NULL, 16, '4aymZgOTOOCrDKRT', 0, NULL, 0, NULL, NULL, NULL, NULL, 'e7d126c56d47415c919d0e4374c182fb', NULL, NULL, NULL, NULL, '2026-02-03 21:24:24', '1', '2026-02-07 22:43:40', b'1', 1), (55, 'test-mqtt-1770125100373', NULL, NULL, NULL, NULL, 16, '4aymZgOTOOCrDKRT', 0, NULL, 0, NULL, NULL, NULL, NULL, '02e090c953df4df4a0a02413414019e8', NULL, NULL, NULL, NULL, '2026-02-03 21:25:01', '1', '2026-02-07 22:43:40', b'1', 1), (56, 'test-mqtt-1770125122216', NULL, NULL, NULL, NULL, 16, '4aymZgOTOOCrDKRT', 0, NULL, 0, NULL, NULL, NULL, NULL, '45efb3a3fe5348919b5786da7c06eb9d', NULL, NULL, NULL, NULL, '2026-02-03 21:25:22', '1', '2026-02-07 22:43:40', b'1', 1), (57, 'test-mqtt-1770125245610', NULL, NULL, NULL, NULL, 16, '4aymZgOTOOCrDKRT', 0, NULL, 0, NULL, NULL, NULL, NULL, 'b0695f54e0f04d83bace7ce354cb9019', NULL, NULL, NULL, NULL, '2026-02-03 21:27:26', '1', '2026-02-07 22:43:40', b'1', 1), (58, 'test-mqtt-1770125319161', NULL, NULL, NULL, NULL, 16, '4aymZgOTOOCrDKRT', 0, NULL, 0, NULL, NULL, NULL, NULL, '781d53c6343d4563919bfc2d5705cfad', NULL, NULL, NULL, NULL, '2026-02-03 21:28:39', '1', '2026-02-07 22:43:40', b'1', 1), (59, 'test-mqtt-1770125330577', NULL, NULL, NULL, NULL, 16, '4aymZgOTOOCrDKRT', 0, NULL, 0, NULL, NULL, NULL, NULL, 'affcdb056dd741fb8b24cb83d7a4c092', NULL, NULL, NULL, NULL, '2026-02-03 21:28:51', '1', '2026-02-07 22:43:40', b'1', 1), (60, 'test-mqtt-1770125353810', NULL, NULL, NULL, NULL, 16, '4aymZgOTOOCrDKRT', 0, NULL, 0, NULL, NULL, NULL, NULL, 'ef11da7b1c5b4552bf61dd49394ebe07', NULL, NULL, NULL, NULL, '2026-02-03 21:29:14', '1', '2026-02-07 22:43:32', b'1', 1), (61, 'test-mqtt-1770125578091', NULL, NULL, NULL, NULL, 16, '4aymZgOTOOCrDKRT', 0, NULL, 2, NULL, '2026-02-03 21:33:08', NULL, NULL, '58a4504d5a34432e8f29cd82c134928e', NULL, NULL, NULL, NULL, '2026-02-03 21:32:58', '1', '2026-02-07 22:43:32', b'1', 1), (62, 'test-mqtt-1770126059698', NULL, NULL, NULL, NULL, 16, '4aymZgOTOOCrDKRT', 0, NULL, 2, NULL, '2026-02-03 21:41:10', NULL, NULL, '355847fe96ad4b439707c3f8b22595ad', NULL, NULL, NULL, NULL, '2026-02-03 21:41:00', '1', '2026-02-07 22:43:32', b'1', 1), (63, 'test-mqtt-1770126122260', NULL, NULL, NULL, NULL, 16, '4aymZgOTOOCrDKRT', 0, NULL, 2, NULL, '2026-02-03 21:42:13', NULL, NULL, '3a591a25d2494e86bfc734cd6e509a00', NULL, NULL, NULL, NULL, '2026-02-03 21:42:02', '1', '2026-02-07 22:43:32', b'1', 1), (64, 'test-mqtt-1770126147054', NULL, NULL, NULL, NULL, 16, '4aymZgOTOOCrDKRT', 0, NULL, 2, NULL, '2026-02-03 21:42:43', NULL, NULL, 'a743b944893b422f8177fe5aef2146d4', NULL, NULL, NULL, NULL, '2026-02-03 21:42:27', '1', '2026-02-07 22:43:15', b'1', 1), (65, 'test-mqtt-1770126193247', NULL, NULL, NULL, NULL, 16, '4aymZgOTOOCrDKRT', 0, NULL, 2, NULL, '2026-02-03 21:43:20', NULL, NULL, '09097fb7e59f4094bad45fed7e58cad3', NULL, NULL, NULL, NULL, '2026-02-03 21:43:13', '1', '2026-02-07 22:43:32', b'1', 1), (66, 'test-mqtt-1770126311268', NULL, NULL, NULL, NULL, 16, '4aymZgOTOOCrDKRT', 0, NULL, 2, NULL, '2026-02-03 21:45:22', NULL, NULL, '9964a178d62a4ab18547f203fc9346cf', NULL, NULL, NULL, NULL, '2026-02-03 21:45:11', '1', '2026-02-07 22:43:20', b'1', 1), (67, 'test-mqtt-1770126399974', NULL, NULL, NULL, NULL, 16, '4aymZgOTOOCrDKRT', 0, NULL, 2, NULL, '2026-02-03 21:46:50', NULL, NULL, '5789ea6022ef4eae80775856798e0cba', NULL, NULL, NULL, NULL, '2026-02-03 21:46:40', '1', '2026-02-07 22:43:18', b'1', 1), (68, 'test-mqtt-1770126468584', NULL, NULL, NULL, NULL, 16, '4aymZgOTOOCrDKRT', 0, NULL, 2, NULL, '2026-02-03 21:48:06', NULL, NULL, '901a89de80cf457091026ba5836c6db4', NULL, NULL, NULL, NULL, '2026-02-03 21:47:49', '1', '2026-02-07 22:43:16', b'1', 1), (69, 'test-mqtt-1770126608484', NULL, NULL, NULL, NULL, 16, '4aymZgOTOOCrDKRT', 0, NULL, 2, NULL, '2026-02-03 21:51:59', NULL, NULL, '983f5d1984db41118e235da7e5f45929', NULL, NULL, NULL, NULL, '2026-02-03 21:50:09', '1', '2026-02-07 22:43:32', b'1', 1), (70, 'test-mqtt-1770126698661', NULL, NULL, NULL, NULL, 16, '4aymZgOTOOCrDKRT', 0, NULL, 0, NULL, NULL, NULL, NULL, 'e1db93d726e044389da7588e47c3b409', NULL, NULL, NULL, NULL, '2026-02-03 21:51:59', '1', '2026-02-07 22:43:32', b'1', 1), (71, 'test-mqtt-1770126722283', NULL, NULL, NULL, NULL, 16, '4aymZgOTOOCrDKRT', 0, NULL, 2, NULL, '2026-02-03 21:52:21', NULL, NULL, '4bb765177cd24edd94fe3a70a13fb189', NULL, NULL, NULL, NULL, '2026-02-03 21:52:03', '1', '2026-02-07 22:43:32', b'1', 1), (72, 'test-mqtt-1770127068400', NULL, NULL, NULL, NULL, 16, '4aymZgOTOOCrDKRT', 0, NULL, 2, NULL, '2026-02-03 21:58:16', NULL, NULL, '3537ea77b75a4c499f2eb4a908bd194a', NULL, NULL, NULL, NULL, '2026-02-03 21:57:49', '1', '2026-02-07 22:43:32', b'1', 1), (73, 'test-mqtt-1770127097453', NULL, NULL, NULL, NULL, 16, '4aymZgOTOOCrDKRT', 0, NULL, 0, NULL, NULL, NULL, NULL, '2ff1dfc320a5467dbbd45b6b1896da11', NULL, NULL, NULL, NULL, '2026-02-03 21:58:18', '1', '2026-02-07 22:43:32', b'1', 1), (74, 'test-mqtt-1770127158718', NULL, NULL, NULL, NULL, 16, '4aymZgOTOOCrDKRT', 0, NULL, 2, NULL, '2026-02-03 22:00:04', NULL, NULL, '78537a8d1ea2466dbdb153bc92d56076', NULL, NULL, NULL, NULL, '2026-02-03 21:59:19', '1', '2026-02-07 22:43:10', b'1', 1), (75, 'test-mqtt-1770127207087', NULL, NULL, NULL, NULL, 16, '4aymZgOTOOCrDKRT', 0, NULL, 2, NULL, '2026-02-03 22:00:25', NULL, NULL, '7497af4af6b2492b979a6447d58aea56', NULL, NULL, NULL, NULL, '2026-02-03 22:00:07', '1', '2026-02-07 22:43:08', b'1', 1), (76, 'test-mqtt-1770127251247', NULL, NULL, NULL, NULL, 16, '4aymZgOTOOCrDKRT', 0, NULL, 2, NULL, '2026-02-03 22:01:02', NULL, NULL, '68aa8cbfd812426cae596e3021a6a94e', NULL, NULL, NULL, NULL, '2026-02-03 22:00:51', '1', '2026-02-07 22:43:06', b'1', 1), (77, 'test-mqtt-1770128309033', NULL, NULL, NULL, NULL, 16, '4aymZgOTOOCrDKRT', 0, NULL, 2, '2026-02-03 22:18:29', '2026-02-03 22:18:34', '2026-02-03 22:18:29', NULL, 'dc2073e4ea474ebfb3d0057582bcf824', NULL, NULL, NULL, NULL, '2026-02-03 22:18:29', '1', '2026-02-07 22:43:02', b'1', 1), (78, 'test-mqtt-1770128811425', NULL, NULL, NULL, NULL, 16, '4aymZgOTOOCrDKRT', 0, NULL, 0, NULL, NULL, NULL, NULL, 'd708cdc5c4c948c08ebfa7accc39e46f', NULL, NULL, NULL, NULL, '2026-02-03 22:26:52', '1', '2026-02-07 22:43:00', b'1', 1), (79, 'test-mqtt-1770165480031', NULL, NULL, NULL, NULL, 16, '4aymZgOTOOCrDKRT', 0, NULL, 0, NULL, NULL, NULL, NULL, '7a5717fc427b43eaa2577c449d2dac26', NULL, NULL, NULL, NULL, '2026-02-04 08:38:00', '1', '2026-02-07 22:42:57', b'1', 1), (80, 'modbus_tcp_server_device_demo_tcp', NULL, NULL, NULL, '', 23, 'modbus_tcp_server_product_demo', 0, NULL, 2, '2026-02-13 15:00:48', '2026-02-13 15:04:08', '2026-02-08 20:45:13', NULL, '8e4adeb3d25342ab88643421d3fba3f6', NULL, NULL, NULL, '1', '2026-02-08 20:19:23', NULL, '2026-02-13 15:04:08', b'0', 1), (81, 'modbus_tcp_server_device_demo_rtu', NULL, NULL, NULL, '', 23, 'modbus_tcp_server_product_demo', 0, NULL, 1, '2026-02-12 23:30:03', '2026-02-12 23:29:58', '2026-02-08 22:32:29', NULL, 'af01c55eb8e3424bb23fc6c783936b2e', NULL, NULL, NULL, '1', '2026-02-08 21:41:02', NULL, '2026-02-12 23:30:03', b'0', 1), (82, 'modbus_tcp_client_device_demo', NULL, NULL, NULL, '', 22, 'modbus_tcp_client_product_demo', 0, NULL, 1, '2026-02-13 11:34:01', NULL, '2026-02-08 22:46:07', NULL, 'a2f713affc6d4910a49c663e83c42c63', NULL, NULL, NULL, '1', '2026-02-08 21:42:38', NULL, '2026-02-13 11:34:01', b'0', 1);
COMMIT;

-- ----------------------------
-- Table structure for iot_device_group
-- ----------------------------
DROP TABLE IF EXISTS `iot_device_group`;
CREATE TABLE `iot_device_group`  (
  `id` bigint UNSIGNED NOT NULL AUTO_INCREMENT COMMENT '分组 ID',
  `name` varchar(100) CHARACTER SET utf8mb4 COLLATE utf8mb4_unicode_ci NOT NULL COMMENT '分组名字',
  `status` tinyint NOT NULL DEFAULT 0 COMMENT '分组状态',
  `description` varchar(1000) CHARACTER SET utf8mb4 COLLATE utf8mb4_unicode_ci NULL DEFAULT NULL COMMENT '分组描述',
  `creator` varchar(64) CHARACTER SET utf8mb4 COLLATE utf8mb4_unicode_ci NULL DEFAULT '' COMMENT '创建者',
  `create_time` datetime NOT NULL DEFAULT CURRENT_TIMESTAMP COMMENT '创建时间',
  `updater` varchar(64) CHARACTER SET utf8mb4 COLLATE utf8mb4_unicode_ci NULL DEFAULT '' COMMENT '更新者',
  `update_time` datetime NOT NULL DEFAULT CURRENT_TIMESTAMP ON UPDATE CURRENT_TIMESTAMP COMMENT '更新时间',
  `deleted` bit(1) NOT NULL DEFAULT b'0' COMMENT '是否删除',
  `tenant_id` bigint NOT NULL DEFAULT 0 COMMENT '租户编号',
  PRIMARY KEY (`id`) USING BTREE
) ENGINE = InnoDB AUTO_INCREMENT = 18 CHARACTER SET = utf8mb4 COLLATE = utf8mb4_unicode_ci COMMENT = 'IoT 设备分组表';

-- ----------------------------
-- Records of iot_device_group
-- ----------------------------
BEGIN;
INSERT INTO `iot_device_group` (`id`, `name`, `status`, `description`, `creator`, `create_time`, `updater`, `update_time`, `deleted`, `tenant_id`) VALUES (16, '灰度分组', 0, '123', '1', '2024-12-14 17:22:20', '1', '2024-12-14 17:43:56', b'0', 1), (17, '生产分组', 0, NULL, '1', '2024-12-14 17:22:29', '1', '2024-12-14 17:22:29', b'0', 1);
COMMIT;

-- ----------------------------
-- Table structure for iot_device_modbus_config
-- ----------------------------
DROP TABLE IF EXISTS `iot_device_modbus_config`;
CREATE TABLE `iot_device_modbus_config`  (
  `id` bigint NOT NULL AUTO_INCREMENT COMMENT '主键',
  `device_id` bigint NOT NULL COMMENT '设备编号',
  `product_id` bigint NULL DEFAULT NULL COMMENT '产品编号',
  `ip` varchar(50) CHARACTER SET utf8mb4 COLLATE utf8mb4_unicode_ci NOT NULL DEFAULT '' COMMENT 'Modbus 服务器 IP 地址',
  `port` int NOT NULL DEFAULT 502 COMMENT 'Modbus 服务器端口',
  `slave_id` int NOT NULL DEFAULT 1 COMMENT '从站地址',
  `timeout` int NOT NULL DEFAULT 3000 COMMENT '连接超时时间，单位：毫秒',
  `retry_interval` int NOT NULL DEFAULT 1000 COMMENT '重试间隔，单位：毫秒',
  `mode` tinyint NOT NULL DEFAULT 1 COMMENT '工作模式',
  `status` tinyint NOT NULL DEFAULT 0 COMMENT '状态',
  `frame_format` tinyint NOT NULL DEFAULT 1 COMMENT '数据帧格式',
  `creator` varchar(64) CHARACTER SET utf8mb4 COLLATE utf8mb4_unicode_ci NULL DEFAULT '' COMMENT '创建者',
  `create_time` datetime NOT NULL DEFAULT CURRENT_TIMESTAMP COMMENT '创建时间',
  `updater` varchar(64) CHARACTER SET utf8mb4 COLLATE utf8mb4_unicode_ci NULL DEFAULT '' COMMENT '更新者',
  `update_time` datetime NOT NULL DEFAULT CURRENT_TIMESTAMP ON UPDATE CURRENT_TIMESTAMP COMMENT '更新时间',
  `deleted` bit(1) NOT NULL DEFAULT b'0' COMMENT '是否删除',
  `tenant_id` bigint NOT NULL DEFAULT 0 COMMENT '租户编号',
  PRIMARY KEY (`id`) USING BTREE,
  UNIQUE INDEX `uk_device_id`(`device_id` ASC, `deleted` ASC, `tenant_id` ASC) USING BTREE COMMENT '设备编号唯一索引'
) ENGINE = InnoDB AUTO_INCREMENT = 5 CHARACTER SET = utf8mb4 COLLATE = utf8mb4_unicode_ci COMMENT = 'IoT 设备 Modbus 连接配置表';

-- ----------------------------
-- Records of iot_device_modbus_config
-- ----------------------------
BEGIN;
INSERT INTO `iot_device_modbus_config` (`id`, `device_id`, `product_id`, `ip`, `port`, `slave_id`, `timeout`, `retry_interval`, `mode`, `status`, `frame_format`, `creator`, `create_time`, `updater`, `update_time`, `deleted`, `tenant_id`) VALUES (1, 30, NULL, '127.0.0.1', 5020, 1, 3000, 1000, 1, 0, 1, '1', '2026-01-17 23:25:50', '1', '2026-02-08 12:22:36', b'0', 1), (2, 80, NULL, '', 502, 1, 3000, 10000, 1, 0, 1, '1', '2026-02-08 20:41:04', '1', '2026-02-08 20:45:04', b'0', 1), (3, 81, NULL, '', 502, 1, 3000, 10000, 1, 0, 2, '1', '2026-02-08 21:41:13', '1', '2026-02-14 09:13:06', b'0', 1), (4, 82, NULL, '127.0.0.1', 5020, 1, 3000, 10000, 1, 0, 1, '1', '2026-02-08 21:42:51', '1', '2026-02-08 22:44:55', b'0', 1);
COMMIT;

-- ----------------------------
-- Table structure for iot_device_modbus_point
-- ----------------------------
DROP TABLE IF EXISTS `iot_device_modbus_point`;
CREATE TABLE `iot_device_modbus_point`  (
  `id` bigint NOT NULL AUTO_INCREMENT COMMENT '主键',
  `device_id` bigint NOT NULL COMMENT '设备编号',
  `thing_model_id` bigint NOT NULL COMMENT '物模型属性编号',
  `identifier` varchar(100) CHARACTER SET utf8mb4 COLLATE utf8mb4_unicode_ci NOT NULL DEFAULT '' COMMENT '属性标识符',
  `name` varchar(255) CHARACTER SET utf8mb4 COLLATE utf8mb4_unicode_ci NOT NULL DEFAULT '' COMMENT '属性名称',
  `function_code` tinyint NOT NULL DEFAULT 3 COMMENT 'Modbus 功能码（1-读线圈 2-读离散输入 3-读保持寄存器 4-读输入寄存器）',
  `register_address` int NOT NULL DEFAULT 0 COMMENT '寄存器起始地址',
  `register_count` int NOT NULL DEFAULT 1 COMMENT '寄存器数量',
  `byte_order` varchar(10) CHARACTER SET utf8mb4 COLLATE utf8mb4_unicode_ci NOT NULL DEFAULT 'AB' COMMENT '字节序（AB/BA/ABCD/CDAB/DCBA/BADC）',
  `raw_data_type` varchar(20) CHARACTER SET utf8mb4 COLLATE utf8mb4_unicode_ci NOT NULL DEFAULT 'INT16' COMMENT '原始数据类型（INT16/UINT16/INT32/UINT32/FLOAT/DOUBLE/BOOLEAN/STRING）',
  `scale` decimal(20, 6) NOT NULL DEFAULT 1.000000 COMMENT '缩放因子',
  `poll_interval` int NOT NULL DEFAULT 5000 COMMENT '轮询间隔，单位：毫秒',
  `status` tinyint NOT NULL DEFAULT 0 COMMENT '状态（0-开启 1-禁用）',
  `creator` varchar(64) CHARACTER SET utf8mb4 COLLATE utf8mb4_unicode_ci NULL DEFAULT '' COMMENT '创建者',
  `create_time` datetime NOT NULL DEFAULT CURRENT_TIMESTAMP COMMENT '创建时间',
  `updater` varchar(64) CHARACTER SET utf8mb4 COLLATE utf8mb4_unicode_ci NULL DEFAULT '' COMMENT '更新者',
  `update_time` datetime NOT NULL DEFAULT CURRENT_TIMESTAMP ON UPDATE CURRENT_TIMESTAMP COMMENT '更新时间',
  `deleted` bit(1) NOT NULL DEFAULT b'0' COMMENT '是否删除',
  `tenant_id` bigint NOT NULL DEFAULT 0 COMMENT '租户编号',
  PRIMARY KEY (`id`) USING BTREE,
  UNIQUE INDEX `uk_device_thing_model`(`device_id` ASC, `thing_model_id` ASC, `deleted` ASC, `tenant_id` ASC) USING BTREE COMMENT '设备+物模型唯一索引',
  INDEX `idx_device_id`(`device_id` ASC) USING BTREE COMMENT '设备编号索引'
) ENGINE = InnoDB AUTO_INCREMENT = 9 CHARACTER SET = utf8mb4 COLLATE = utf8mb4_unicode_ci COMMENT = 'IoT 设备 Modbus 点位配置表';

-- ----------------------------
-- Records of iot_device_modbus_point
-- ----------------------------
BEGIN;
INSERT INTO `iot_device_modbus_point` (`id`, `device_id`, `thing_model_id`, `identifier`, `name`, `function_code`, `register_address`, `register_count`, `byte_order`, `raw_data_type`, `scale`, `poll_interval`, `status`, `creator`, `create_time`, `updater`, `update_time`, `deleted`, `tenant_id`) VALUES (1, 30, 116, 'height', '高度', 3, 1, 1, 'AB', 'UINT16', 1.000000, 5000, 0, '1', '2026-01-17 23:24:46', '1', '2026-01-17 23:29:25', b'0', 1), (2, 30, 115, 'width', '宽度', 3, 0, 1, 'AB', 'INT16', 1.000000, 5000, 0, '1', '2026-01-17 23:24:55', '1', '2026-01-17 23:29:50', b'0', 1), (3, 80, 123, 'width', '宽度', 3, 0, 1, 'AB', 'INT16', 1.000000, 5000, 0, '1', '2026-02-08 20:43:07', '1', '2026-02-08 20:43:07', b'0', 1), (4, 80, 122, 'height', '高度', 3, 1, 1, 'AB', 'UINT16', 1.000000, 5000, 0, '1', '2026-02-08 20:43:33', '1', '2026-02-08 20:43:33', b'0', 1), (5, 81, 123, 'width', '宽度', 3, 0, 1, 'AB', 'INT16', 1.000000, 5000, 0, '1', '2026-02-08 21:44:04', '1', '2026-02-08 21:44:04', b'0', 1), (6, 81, 122, 'height', '高度', 3, 1, 1, 'AB', 'UINT16', 1.000000, 5000, 0, '1', '2026-02-08 21:44:46', '1', '2026-02-08 21:44:46', b'0', 1), (7, 82, 121, 'width', '宽度', 3, 0, 1, 'AB', 'INT16', 1.000000, 5000, 0, '1', '2026-02-08 21:45:03', '1', '2026-02-08 21:45:03', b'0', 1), (8, 82, 120, 'height', '高度', 3, 1, 1, 'AB', 'UINT16', 1.000000, 5000, 0, '1', '2026-02-08 21:45:13', '1', '2026-02-08 21:45:13', b'0', 1);
COMMIT;

-- ----------------------------
-- Table structure for iot_ota_firmware
-- ----------------------------
DROP TABLE IF EXISTS `iot_ota_firmware`;
CREATE TABLE `iot_ota_firmware`  (
  `id` bigint NOT NULL AUTO_INCREMENT COMMENT '固件编号',
  `name` varchar(128) CHARACTER SET utf8mb4 COLLATE utf8mb4_unicode_ci NOT NULL COMMENT '固件名称',
  `description` varchar(512) CHARACTER SET utf8mb4 COLLATE utf8mb4_unicode_ci NULL DEFAULT '' COMMENT '固件描述',
  `version` varchar(64) CHARACTER SET utf8mb4 COLLATE utf8mb4_unicode_ci NOT NULL COMMENT '版本号',
  `product_id` bigint NOT NULL COMMENT '产品编号',
  `file_url` varchar(1024) CHARACTER SET utf8mb4 COLLATE utf8mb4_unicode_ci NOT NULL COMMENT '固件文件 URL',
  `file_size` bigint NOT NULL COMMENT '固件文件大小',
  `file_digest_algorithm` varchar(32) CHARACTER SET utf8mb4 COLLATE utf8mb4_unicode_ci NOT NULL COMMENT '固件文件签名算法',
  `file_digest_value` varchar(256) CHARACTER SET utf8mb4 COLLATE utf8mb4_unicode_ci NOT NULL COMMENT '固件文件签名结果',
  `creator` varchar(64) CHARACTER SET utf8mb4 COLLATE utf8mb4_unicode_ci NULL DEFAULT '' COMMENT '创建者',
  `create_time` datetime NOT NULL DEFAULT CURRENT_TIMESTAMP COMMENT '创建时间',
  `updater` varchar(64) CHARACTER SET utf8mb4 COLLATE utf8mb4_unicode_ci NULL DEFAULT '' COMMENT '更新者',
  `update_time` datetime NOT NULL DEFAULT CURRENT_TIMESTAMP ON UPDATE CURRENT_TIMESTAMP COMMENT '更新时间',
  `deleted` bit(1) NOT NULL DEFAULT b'0' COMMENT '是否删除',
  `tenant_id` bigint NOT NULL DEFAULT 0 COMMENT '租户编号',
  PRIMARY KEY (`id`) USING BTREE
) ENGINE = InnoDB AUTO_INCREMENT = 3 CHARACTER SET = utf8mb4 COLLATE = utf8mb4_unicode_ci COMMENT = 'IoT OTA 固件表';

-- ----------------------------
-- Records of iot_ota_firmware
-- ----------------------------
BEGIN;
INSERT INTO `iot_ota_firmware` (`id`, `name`, `description`, `version`, `product_id`, `file_url`, `file_size`, `file_digest_algorithm`, `file_digest_value`, `creator`, `create_time`, `updater`, `update_time`, `deleted`, `tenant_id`) VALUES (1, 'a', 'b', '2', 4, 'http://test.yudao.iocoder.cn/20250630/codegen-AlertConfig_1751276570898.zip', 14929, 'MD5', 'c4a31d28df26bde385b3840418961590', '1', '2025-06-30 19:04:32', '\"1\"', '2025-06-30 19:06:01', b'0', 1), (2, '马桶升级啦！', '好马桶！', '1.0.0', 16, 'http://test.yudao.iocoder.cn/20250704/codegen-IotAlertRecord (1)_1751558430387.zip', 14867, 'MD5', 'e329c811cd9ce48cd49b17d902e19a5d', '1', '2025-07-04 00:00:32', '1', '2025-07-04 00:00:32', b'0', 1);
COMMIT;

-- ----------------------------
-- Table structure for iot_ota_task
-- ----------------------------
DROP TABLE IF EXISTS `iot_ota_task`;
CREATE TABLE `iot_ota_task`  (
  `id` bigint UNSIGNED NOT NULL AUTO_INCREMENT COMMENT '任务编号，主键，自增',
  `name` varchar(255) CHARACTER SET utf8mb4 COLLATE utf8mb4_unicode_ci NOT NULL COMMENT '任务名称',
  `description` varchar(1000) CHARACTER SET utf8mb4 COLLATE utf8mb4_unicode_ci NULL DEFAULT NULL COMMENT '任务描述',
  `firmware_id` bigint UNSIGNED NOT NULL COMMENT '固件编号',
  `status` tinyint UNSIGNED NOT NULL DEFAULT 0 COMMENT '任务状态，参见 IotOtaTaskStatusEnum 枚举',
  `device_scope` tinyint UNSIGNED NOT NULL DEFAULT 0 COMMENT '设备升级范围，参见 IotOtaTaskDeviceScopeEnum 枚举',
  `device_total_count` int UNSIGNED NOT NULL DEFAULT 0 COMMENT '设备总数数量',
  `device_success_count` int UNSIGNED NOT NULL DEFAULT 0 COMMENT '设备成功数量',
  `creator` varchar(64) CHARACTER SET utf8mb4 COLLATE utf8mb4_unicode_ci NULL DEFAULT '' COMMENT '创建者',
  `create_time` datetime NOT NULL DEFAULT CURRENT_TIMESTAMP COMMENT '创建时间',
  `updater` varchar(64) CHARACTER SET utf8mb4 COLLATE utf8mb4_unicode_ci NULL DEFAULT '' COMMENT '更新者',
  `update_time` datetime NOT NULL DEFAULT CURRENT_TIMESTAMP ON UPDATE CURRENT_TIMESTAMP COMMENT '更新时间',
  `deleted` bit(1) NOT NULL DEFAULT b'0' COMMENT '是否删除',
  `tenant_id` bigint NOT NULL DEFAULT 0 COMMENT '租户编号',
  PRIMARY KEY (`id`) USING BTREE
) ENGINE = InnoDB AUTO_INCREMENT = 7 CHARACTER SET = utf8mb4 COLLATE = utf8mb4_unicode_ci COMMENT = 'IoT OTA 升级任务表';

-- ----------------------------
-- Records of iot_ota_task
-- ----------------------------
BEGIN;
INSERT INTO `iot_ota_task` (`id`, `name`, `description`, `firmware_id`, `status`, `device_scope`, `device_total_count`, `device_success_count`, `creator`, `create_time`, `updater`, `update_time`, `deleted`, `tenant_id`) VALUES (1, 'abc', 'abc', 1, 30, 1, 6, 0, '1', '2025-07-02 01:24:32', '\"1\"', '2025-07-03 00:04:56', b'0', 1), (2, '2', '2', 1, 20, 1, 5, 0, '1', '2025-07-03 15:27:29', '\"1\"', '2025-07-03 15:34:56', b'0', 1), (3, '1', '1', 1, 20, 2, 1, 0, '1', '2025-07-03 15:39:16', '\"1\"', '2025-07-03 15:39:20', b'0', 1), (4, '3', '1', 1, 20, 2, 1, 0, '1', '2025-07-03 15:42:50', '\"1\"', '2025-07-03 15:42:54', b'0', 1), (5, 'bbb', 'ccc', 1, 30, 1, 5, 0, '1', '2025-07-03 23:49:57', '\"1\"', '2025-07-03 23:52:58', b'0', 1), (6, 'aab', 'bbc', 2, 20, 2, 1, 0, '1', '2025-07-04 00:00:48', NULL, '2025-07-04 17:40:29', b'0', 1);
COMMIT;

-- ----------------------------
-- Table structure for iot_ota_task_record
-- ----------------------------
DROP TABLE IF EXISTS `iot_ota_task_record`;
CREATE TABLE `iot_ota_task_record`  (
  `id` bigint UNSIGNED NOT NULL AUTO_INCREMENT COMMENT '记录编号，主键，自增',
  `firmware_id` bigint UNSIGNED NOT NULL COMMENT '固件编号',
  `task_id` bigint UNSIGNED NOT NULL COMMENT '任务编号',
  `device_id` bigint UNSIGNED NOT NULL COMMENT '设备编号',
  `from_firmware_id` bigint UNSIGNED NULL DEFAULT NULL COMMENT '来源的固件编号',
  `status` tinyint UNSIGNED NOT NULL DEFAULT 0 COMMENT '升级状态，参见 IotOtaTaskRecordStatusEnum 枚举',
  `progress` tinyint UNSIGNED NOT NULL DEFAULT 0 COMMENT '升级进度，百分比（0-100）',
  `description` varchar(500) CHARACTER SET utf8mb4 COLLATE utf8mb4_unicode_ci NULL DEFAULT NULL COMMENT '升级进度描述',
  `creator` varchar(64) CHARACTER SET utf8mb4 COLLATE utf8mb4_unicode_ci NULL DEFAULT '' COMMENT '创建者',
  `create_time` datetime NOT NULL DEFAULT CURRENT_TIMESTAMP COMMENT '创建时间',
  `updater` varchar(64) CHARACTER SET utf8mb4 COLLATE utf8mb4_unicode_ci NULL DEFAULT '' COMMENT '更新者',
  `update_time` datetime NOT NULL DEFAULT CURRENT_TIMESTAMP ON UPDATE CURRENT_TIMESTAMP COMMENT '更新时间',
  `deleted` bit(1) NOT NULL DEFAULT b'0' COMMENT '是否删除',
  `tenant_id` bigint NOT NULL DEFAULT 0 COMMENT '租户编号',
  PRIMARY KEY (`id`) USING BTREE
) ENGINE = InnoDB AUTO_INCREMENT = 20 CHARACTER SET = utf8mb4 COLLATE = utf8mb4_unicode_ci COMMENT = 'IoT OTA 升级任务记录表';

-- ----------------------------
-- Records of iot_ota_task_record
-- ----------------------------
BEGIN;
INSERT INTO `iot_ota_task_record` (`id`, `firmware_id`, `task_id`, `device_id`, `from_firmware_id`, `status`, `progress`, `description`, `creator`, `create_time`, `updater`, `update_time`, `deleted`, `tenant_id`) VALUES (1, 1, 1, 9, 1, 50, 0, '管理员手动取消升级记录（单个）', '1', '2025-07-02 01:24:32', '\"1\"', '2025-07-03 00:04:56', b'0', 1), (2, 1, 1, 11, NULL, 50, 0, '管理员手动取消升级记录（单个）', '1', '2025-07-02 01:24:32', '\"1\"', '2025-07-03 00:04:56', b'0', 1), (3, 1, 1, 15, NULL, 50, 0, '管理员手动取消升级记录（单个）', '1', '2025-07-02 01:24:32', '\"1\"', '2025-07-03 00:04:56', b'0', 1), (4, 1, 1, 16, NULL, 50, 0, '管理员手动取消升级记录（单个）', '1', '2025-07-02 01:24:32', '\"1\"', '2025-07-03 00:04:56', b'0', 1), (5, 1, 1, 17, NULL, 50, 0, '管理员手动取消升级记录（单个）', '1', '2025-07-02 01:24:32', '\"1\"', '2025-07-03 00:04:56', b'0', 1), (6, 1, 1, 24, NULL, 50, 0, '管理员手动取消升级记录（单个）', '1', '2025-07-02 01:24:32', '\"1\"', '2025-07-03 00:04:56', b'0', 1), (7, 1, 2, 11, NULL, 50, 0, '管理员手动取消升级记录（单个）', '1', '2025-07-03 15:27:29', '\"1\"', '2025-07-03 15:34:47', b'0', 1), (8, 1, 2, 15, NULL, 50, 0, '管理员手动取消升级记录（单个）', '1', '2025-07-03 15:27:29', '\"1\"', '2025-07-03 15:34:50', b'0', 1), (9, 1, 2, 16, NULL, 50, 0, '管理员手动取消升级记录（单个）', '1', '2025-07-03 15:27:29', '\"1\"', '2025-07-03 15:34:52', b'0', 1), (10, 1, 2, 17, NULL, 50, 0, '管理员手动取消升级记录（单个）', '1', '2025-07-03 15:27:29', '\"1\"', '2025-07-03 15:34:53', b'0', 1), (11, 1, 2, 24, NULL, 50, 0, '管理员手动取消升级记录（单个）', '1', '2025-07-03 15:27:29', '\"1\"', '2025-07-03 15:34:56', b'0', 1), (12, 1, 3, 24, NULL, 50, 0, '管理员手动取消升级记录（单个）', '1', '2025-07-03 15:39:16', '\"1\"', '2025-07-03 15:39:20', b'0', 1), (13, 1, 4, 24, NULL, 50, 0, '管理员手动取消升级记录（单个）', '1', '2025-07-03 15:42:50', '\"1\"', '2025-07-03 15:42:54', b'0', 1), (14, 1, 5, 11, NULL, 50, 0, '管理员手动取消升级记录（单个）', '1', '2025-07-03 23:49:57', '\"1\"', '2025-07-03 23:52:58', b'0', 1), (15, 1, 5, 15, NULL, 50, 0, '管理员手动取消升级记录（单个）', '1', '2025-07-03 23:49:57', '\"1\"', '2025-07-03 23:52:58', b'0', 1), (16, 1, 5, 16, NULL, 50, 0, '管理员手动取消升级记录（单个）', '1', '2025-07-03 23:49:57', '\"1\"', '2025-07-03 23:52:58', b'0', 1), (17, 1, 5, 17, NULL, 50, 0, '管理员手动取消升级记录（单个）', '1', '2025-07-03 23:49:57', '\"1\"', '2025-07-03 23:52:58', b'0', 1), (18, 1, 5, 24, NULL, 50, 0, '管理员手动取消升级记录（单个）', '1', '2025-07-03 23:49:57', '\"1\"', '2025-07-03 23:52:58', b'0', 1), (19, 2, 6, 25, NULL, 30, 100, '1', '1', '2025-07-04 00:00:48', NULL, '2025-07-04 17:50:17', b'0', 1);
COMMIT;

-- ----------------------------
-- Table structure for iot_product
-- ----------------------------
DROP TABLE IF EXISTS `iot_product`;
CREATE TABLE `iot_product`  (
  `id` bigint UNSIGNED NOT NULL AUTO_INCREMENT COMMENT '产品 ID',
  `name` varchar(100) CHARACTER SET utf8mb4 COLLATE utf8mb4_unicode_ci NOT NULL COMMENT '产品名称',
  `product_key` varchar(64) CHARACTER SET utf8mb4 COLLATE utf8mb4_unicode_ci NOT NULL COMMENT '产品标识',
  `product_secret` varchar(255) CHARACTER SET utf8mb4 COLLATE utf8mb4_unicode_ci NULL DEFAULT NULL COMMENT '产品密钥，用于动态注册设备',
  `register_enabled` bit(1) NOT NULL DEFAULT b'0' COMMENT '是否开启动态注册',
  `category_id` bigint NOT NULL COMMENT '产品分类 ID',
  `icon` varchar(512) CHARACTER SET utf8mb4 COLLATE utf8mb4_unicode_ci NULL DEFAULT NULL COMMENT '产品图标',
  `pic_url` varchar(512) CHARACTER SET utf8mb4 COLLATE utf8mb4_unicode_ci NULL DEFAULT NULL COMMENT '产品图片',
  `description` varchar(1000) CHARACTER SET utf8mb4 COLLATE utf8mb4_unicode_ci NULL DEFAULT NULL COMMENT '产品描述',
  `status` tinyint NOT NULL DEFAULT 0 COMMENT '产品状态，参见 IotProductStatusEnum 枚举',
  `device_type` tinyint NOT NULL COMMENT '设备类型，参见 IotProductDeviceTypeEnum 枚举',
  `net_type` tinyint NULL DEFAULT NULL COMMENT '联网方式，参见 IotNetTypeEnum 枚举',
  `protocol_type` varchar(50) CHARACTER SET utf8mb4 COLLATE utf8mb4_unicode_ci NOT NULL DEFAULT 'mqtt' COMMENT '协议类型',
  `serialize_type` varchar(50) CHARACTER SET utf8mb4 COLLATE utf8mb4_unicode_ci NOT NULL DEFAULT 'json' COMMENT '序列化类型',
  `creator` varchar(64) CHARACTER SET utf8mb4 COLLATE utf8mb4_unicode_ci NULL DEFAULT '' COMMENT '创建者',
  `create_time` datetime NOT NULL DEFAULT CURRENT_TIMESTAMP COMMENT '创建时间',
  `updater` varchar(64) CHARACTER SET utf8mb4 COLLATE utf8mb4_unicode_ci NULL DEFAULT '' COMMENT '更新者',
  `update_time` datetime NOT NULL DEFAULT CURRENT_TIMESTAMP ON UPDATE CURRENT_TIMESTAMP COMMENT '更新时间',
  `deleted` bit(1) NOT NULL DEFAULT b'0' COMMENT '是否删除',
  `tenant_id` bigint NOT NULL DEFAULT 0 COMMENT '租户编号',
  PRIMARY KEY (`id`) USING BTREE
) ENGINE = InnoDB AUTO_INCREMENT = 24 CHARACTER SET = utf8mb4 COLLATE = utf8mb4_unicode_ci COMMENT = 'IoT 产品表';

-- ----------------------------
-- Records of iot_product
-- ----------------------------
BEGIN;
INSERT INTO `iot_product` (`id`, `name`, `product_key`, `product_secret`, `register_enabled`, `category_id`, `icon`, `pic_url`, `description`, `status`, `device_type`, `net_type`, `protocol_type`, `serialize_type`, `creator`, `create_time`, `updater`, `update_time`, `deleted`, `tenant_id`) VALUES (4, '直传电表', '1de24640dfe', NULL, b'1', 4, NULL, NULL, '3', 0, 0, 0, 'mqtt', 'json', '1', '2024-09-07 19:22:53', '1', '2026-02-12 13:07:49', b'0', 1), (5, '智能电表', 'f13f57c63e9', NULL, b'0', 3, NULL, NULL, NULL, 0, 0, 0, 'mqtt', 'json', '1', '2024-09-21 08:59:19', '1', '2026-02-11 09:50:45', b'0', 1), (6, '电表 2', 'f0851ee0ebb', NULL, b'0', 3, NULL, NULL, NULL, 0, 0, 0, 'mqtt', 'json', '1', '2024-10-10 20:35:06', '1', '2025-07-05 01:58:13', b'1', 1), (7, '温湿度V1', 'dcba9928e37', NULL, b'0', 3, NULL, NULL, '温湿度产品', 0, 0, 0, 'mqtt', 'json', '1', '2024-11-24 17:20:47', '1', '2025-07-05 01:58:13', b'0', 1), (8, '插座', 'zXXHolcC2Hfxd7I1', NULL, b'0', 13, 'http://test.yudao.iocoder.cn/e71669a0c827bbb96b3e320b6ed19a9fd3d53027833f880fc38a010cac2a2eff.png', 'http://test.yudao.iocoder.cn/3f55f6955a5d453688eef75c66641fdf66e163de250d93124a2746385f1504a6.jpeg', '我是描述！', 1, 2, 0, 'mqtt', 'json', '1', '2024-12-07 19:41:23', '1', '2025-11-24 19:30:32', b'0', 1), (9, 'ZGW01', 'PHg5XcqNfDt4tk3p', NULL, b'0', 10, NULL, 'http://test.yudao.iocoder.cn/3f2a1f61740b56b3e532412b52890a2d4cf29742cfd4ec64969e29844472103c.jpg', NULL, 1, 2, 0, 'mqtt', 'json', '1', '2024-12-14 12:04:03', '1', '2025-11-24 19:30:29', b'0', 1), (10, '小爱同学', 'YzvHxd4r67sT4s2B', NULL, b'0', 10, NULL, NULL, NULL, 1, 0, 0, 'mqtt', 'json', '1', '2024-12-14 13:33:53', '1', '2025-11-24 19:30:25', b'0', 1), (11, '插座', 'jAufEMTF1W6wnPhn', NULL, b'0', 13, NULL, NULL, NULL, 1, 1, NULL, 'mqtt', 'json', '1', '2024-12-14 15:59:14', '1', '2026-01-24 22:20:26', b'0', 1), (12, '超长的ProductKey', 'CJVS54fObwZJ9Qe5CJVS54fObwZJ9Qe5', NULL, b'0', 4, NULL, NULL, NULL, 1, 0, 0, 'mqtt', 'json', '1', '2024-12-16 13:38:44', '1', '2025-11-24 19:30:20', b'0', 1), (13, '好好长的productkey', 'wSmfNFlmUBfBPOgFwSmfNFlmUBfBPOgFwSmfNFlmUBfBPOgFwSmfNFlmUBfBPOgF', NULL, b'0', 4, NULL, NULL, NULL, 1, 0, 0, 'mqtt', 'json', '1', '2024-12-16 14:06:38', '1', '2025-11-24 19:30:18', b'0', 1), (14, '测试产品1', 'hBtBtQC6ULI4ewBZ', NULL, b'0', 5, NULL, NULL, NULL, 1, 0, 0, 'mqtt', 'json', '1', '2024-12-26 12:57:21', '1', '2026-02-14 09:08:29', b'0', 1), (15, '2222', 'efCs2ruTcmchWF61', NULL, b'0', 4, NULL, NULL, NULL, 1, 0, 0, 'mqtt', 'json', '1', '2024-12-30 21:12:10', '1', '2025-11-24 19:30:13', b'0', 1), (16, '智能马桶', '4aymZgOTOOCrDKRT', 'test-product-secret', b'1', 14, NULL, NULL, NULL, 1, 0, 0, 'mqtt', 'json', '1', '2025-01-24 14:10:56', '1', '2026-02-13 17:21:34', b'0', 1), (17, '温度感应器', 'fqTn4Afs982Nak4N', NULL, b'0', 4, NULL, NULL, NULL, 1, 0, 1, 'mqtt', 'json', '1', '2025-02-26 10:58:41', '1', '2025-11-24 19:30:06', b'0', 1), (18, 'modbus-tcp 轮询设备', 'KFhmQZjv6vyWJALA', NULL, b'0', 4, NULL, NULL, NULL, 0, 0, 0, 'mqtt', 'json', '1', '2026-01-17 18:57:38', '1', '2026-01-17 18:57:43', b'1', 1), (19, 'modbus 产品', 'FrRHlBZJfU7yVSMl', NULL, b'0', 4, NULL, NULL, NULL, 0, 0, 0, 'mqtt', 'json', '1', '2026-01-17 19:00:49', '1', '2026-01-17 19:01:15', b'1', 1), (20, 'modbus-tcp 产品示例', 'modbus-tcp-demo', NULL, b'0', 4, NULL, NULL, NULL, 0, 0, 0, 'modbus_tcp_client', 'json', '1', '2026-01-17 19:01:45', '1', '2026-02-12 23:23:51', b'1', 1), (21, 'w我是网关噢', 'm6XcS1ZJ3TW8eC0v', 'abac', b'1', 4, NULL, NULL, NULL, 1, 2, 0, 'mqtt', 'json', '1', '2026-01-22 00:44:54', '1', '2026-01-25 08:30:00', b'0', 1), (22, 'Modbus TCP Client 产品示例', 'modbus_tcp_client_product_demo', '36ab002f28e841febff8551963a09731', b'0', 15, NULL, NULL, NULL, 1, 0, 0, 'modbus_tcp_client', 'json', '1', '2026-02-08 18:32:43', '1', '2026-02-12 23:23:03', b'0', 1), (23, 'Modbus TCP Server 产品示例', 'modbus_tcp_server_product_demo', 'ac1e6aac73c3424a84624dd0dd9d3fa5', b'0', 14, NULL, NULL, NULL, 1, 0, 0, 'modbus_tcp_server', 'json', '1', '2026-02-08 18:35:23', '1', '2026-02-12 23:22:57', b'0', 1);
COMMIT;

-- ----------------------------
-- Table structure for iot_product_category
-- ----------------------------
DROP TABLE IF EXISTS `iot_product_category`;
CREATE TABLE `iot_product_category`  (
  `id` bigint UNSIGNED NOT NULL AUTO_INCREMENT COMMENT '分类 ID',
  `name` varchar(100) CHARACTER SET utf8mb4 COLLATE utf8mb4_unicode_ci NOT NULL COMMENT '分类名字',
  `sort` int NOT NULL COMMENT '分类排序',
  `status` tinyint NOT NULL DEFAULT 0 COMMENT '分类状态',
  `description` varchar(1000) CHARACTER SET utf8mb4 COLLATE utf8mb4_unicode_ci NULL DEFAULT NULL COMMENT '分类描述',
  `creator` varchar(64) CHARACTER SET utf8mb4 COLLATE utf8mb4_unicode_ci NULL DEFAULT '' COMMENT '创建者',
  `create_time` datetime NOT NULL DEFAULT CURRENT_TIMESTAMP COMMENT '创建时间',
  `updater` varchar(64) CHARACTER SET utf8mb4 COLLATE utf8mb4_unicode_ci NULL DEFAULT '' COMMENT '更新者',
  `update_time` datetime NOT NULL DEFAULT CURRENT_TIMESTAMP ON UPDATE CURRENT_TIMESTAMP COMMENT '更新时间',
  `deleted` bit(1) NOT NULL DEFAULT b'0' COMMENT '是否删除',
  `tenant_id` bigint NOT NULL DEFAULT 0 COMMENT '租户编号',
  PRIMARY KEY (`id`) USING BTREE
) ENGINE = InnoDB AUTO_INCREMENT = 16 CHARACTER SET = utf8mb4 COLLATE = utf8mb4_unicode_ci COMMENT = 'IoT 产品分类表';

-- ----------------------------
-- Records of iot_product_category
-- ----------------------------
BEGIN;
INSERT INTO `iot_product_category` (`id`, `name`, `sort`, `status`, `description`, `creator`, `create_time`, `updater`, `update_time`, `deleted`, `tenant_id`) VALUES (4, '传感器', 2, 0, '', '1', '2024-09-07 19:22:53', '1', '2024-12-14 08:37:35', b'0', 1), (5, '开关', 1, 0, '', '1', '2024-09-21 08:59:19', '1', '2024-12-14 08:31:56', b'0', 1), (8, '表计', 3, 0, NULL, '1', '2024-12-14 08:37:29', '1', '2024-12-14 08:37:29', b'0', 1), (9, '灯', 4, 0, NULL, '1', '2024-12-14 08:37:43', '1', '2024-12-14 08:37:43', b'0', 1), (10, '网关', 5, 0, NULL, '1', '2024-12-14 08:37:51', '1', '2024-12-14 08:37:51', b'0', 1), (11, '风扇', 6, 0, NULL, '1', '2024-12-14 08:38:00', '1', '2024-12-14 08:38:00', b'0', 1), (12, '门磁', 7, 0, NULL, '1', '2024-12-14 08:38:09', '1', '2024-12-14 08:38:09', b'0', 1), (13, '智能插座', 8, 0, NULL, '1', '2024-12-14 08:38:17', '1', '2024-12-14 08:38:17', b'0', 1), (14, '新风', 9, 0, NULL, '1', '2024-12-14 08:38:27', '1', '2024-12-14 08:38:27', b'0', 1), (15, '智能手表', 10, 0, NULL, '1', '2024-12-14 08:38:34', '1', '2024-12-14 08:38:34', b'0', 1);
COMMIT;

-- ----------------------------
-- Table structure for iot_rule_scene
-- ----------------------------
DROP TABLE IF EXISTS `iot_rule_scene`;
CREATE TABLE `iot_rule_scene`  (
  `id` bigint NOT NULL AUTO_INCREMENT COMMENT '数据流转编号',
  `name` varchar(128) CHARACTER SET utf8mb4 COLLATE utf8mb4_unicode_ci NOT NULL COMMENT '数据流转名称',
  `description` varchar(256) CHARACTER SET utf8mb4 COLLATE utf8mb4_unicode_ci NULL DEFAULT '' COMMENT '数据流转描述',
  `status` tinyint NOT NULL COMMENT '数据流转状态',
  `triggers` json NOT NULL COMMENT '触发器数组',
  `actions` json NOT NULL COMMENT '执行器数组',
  `creator` varchar(64) CHARACTER SET utf8mb4 COLLATE utf8mb4_unicode_ci NULL DEFAULT '' COMMENT '创建者',
  `create_time` datetime NOT NULL DEFAULT CURRENT_TIMESTAMP COMMENT '创建时间',
  `updater` varchar(64) CHARACTER SET utf8mb4 COLLATE utf8mb4_unicode_ci NULL DEFAULT '' COMMENT '更新者',
  `update_time` datetime NOT NULL DEFAULT CURRENT_TIMESTAMP ON UPDATE CURRENT_TIMESTAMP COMMENT '更新时间',
  `deleted` bit(1) NOT NULL DEFAULT b'0' COMMENT '是否删除',
  `tenant_id` bigint NOT NULL DEFAULT 0 COMMENT '租户编号',
  PRIMARY KEY (`id`) USING BTREE
) ENGINE = InnoDB AUTO_INCREMENT = 4 CHARACTER SET = utf8mb4 COLLATE = utf8mb4_unicode_ci COMMENT = 'IoT 场景联动规则';

-- ----------------------------
-- Records of iot_rule_scene
-- ----------------------------
BEGIN;
INSERT INTO `iot_rule_scene` (`id`, `name`, `description`, `status`, `triggers`, `actions`, `creator`, `create_time`, `updater`, `update_time`, `deleted`, `tenant_id`) VALUES (1, '11', '', 0, '[{\"type\": 1, \"conditions\": [{\"type\": \"property\", \"identifier\": \"set\", \"parameters\": []}], \"productKey\": \"\", \"deviceNames\": [], \"cronExpression\": null}]', '[{\"type\": 1, \"dataBridgeId\": null, \"deviceControl\": {\"data\": {\"array\": \"1\", \"struct\": \"1\", \"property_test0\": \"1\"}, \"type\": \"property\", \"identifier\": \"set\", \"productKey\": \"efCs2ruTcmchWF61\", \"deviceNames\": []}}]', '1', '2025-03-28 18:03:21', '1', '2025-03-28 18:11:41', b'0', 1), (2, '111', '', 0, '[{\"type\": 1, \"conditions\": [{\"type\": \"property\", \"identifier\": \"set\", \"parameters\": [{\"value\": \"12\", \"operator\": \"=\", \"identifier\": \"temperature\"}]}], \"productKey\": \"fqTn4Afs982Nak4N\", \"deviceNames\": [\"jiali001\"], \"cronExpression\": null}]', '[{\"type\": 3, \"dataBridgeId\": 11, \"deviceControl\": {\"data\": {}, \"type\": \"property\", \"identifier\": \"set\", \"productKey\": \"\", \"deviceNames\": []}}]', '1', '2025-03-29 12:48:39', '1', '2025-03-29 12:48:39', b'0', 1), (3, '全组件展示', '完全形态', 0, '[{\"type\": 1, \"conditions\": [{\"type\": \"event\", \"identifier\": \"set\", \"parameters\": [{\"value\": \"10\", \"operator\": \"=\", \"identifier\": \"temperature\", \"identifier0\": \"post\"}]}, {\"type\": \"service\", \"identifier\": \"set\", \"parameters\": [{\"value\": null, \"operator\": \"not null\", \"identifier\": \"temperature\", \"identifier0\": \"get\"}]}, {\"type\": \"property\", \"identifier\": \"set\", \"parameters\": [{\"value\": \"50\", \"operator\": \"!=\", \"identifier\": \"humidity\", \"identifier0\": null}]}], \"productKey\": \"fqTn4Afs982Nak4N\", \"deviceNames\": [\"test333\"], \"cronExpression\": null}, {\"type\": 2, \"conditions\": [{\"type\": \"property\", \"identifier\": \"set\", \"parameters\": []}], \"productKey\": \"\", \"deviceNames\": [], \"cronExpression\": \"0 0 0 * * ?\"}]', '[{\"type\": 1, \"dataBridgeId\": null, \"deviceControl\": {\"data\": {\"times\": \"2025-03-29 17:26:14\", \"D32d2d\": \"文本测试\", \"struct\": \"[{\\\"identifier\\\":\\\"对应左侧 identifier 属性值\\\",\\\"value\\\":\\\"1\\\"}]\", \"d3d3d3d3d3\": 1, \"fg3f43f432f3\": 1}, \"type\": \"property\", \"identifier\": \"set\", \"productKey\": \"efCs2ruTcmchWF61\", \"deviceNames\": [\"testtest\", \"fjb_001\"]}}, {\"type\": 2, \"dataBridgeId\": null, \"deviceControl\": {\"data\": {\"get\": {\"value\": \"2\", \"identifier\": \"temperature\"}}, \"type\": \"service\", \"identifier\": \"${identifier}\", \"productKey\": \"fqTn4Afs982Nak4N\", \"deviceNames\": [\"jiali001\"]}}, {\"type\": 3, \"dataBridgeId\": 11, \"deviceControl\": {\"data\": {}, \"type\": \"property\", \"identifier\": \"set\", \"productKey\": \"\", \"deviceNames\": []}}]', '1', '2025-03-29 13:37:51', '\"1\"', '2025-08-04 21:42:07', b'0', 1);
COMMIT;

-- ----------------------------
-- Table structure for iot_scene_rule
-- ----------------------------
DROP TABLE IF EXISTS `iot_scene_rule`;
CREATE TABLE `iot_scene_rule`  (
  `id` bigint NOT NULL AUTO_INCREMENT COMMENT '数据流转编号',
  `name` varchar(128) CHARACTER SET utf8mb4 COLLATE utf8mb4_unicode_ci NOT NULL COMMENT '数据流转名称',
  `description` varchar(256) CHARACTER SET utf8mb4 COLLATE utf8mb4_unicode_ci NULL DEFAULT '' COMMENT '数据流转描述',
  `status` tinyint NOT NULL COMMENT '数据流转状态',
  `triggers` json NOT NULL COMMENT '触发器数组',
  `actions` json NOT NULL COMMENT '执行器数组',
  `last_trigger_time` datetime NULL DEFAULT NULL COMMENT '最后触发时间',
  `creator` varchar(64) CHARACTER SET utf8mb4 COLLATE utf8mb4_unicode_ci NULL DEFAULT '' COMMENT '创建者',
  `create_time` datetime NOT NULL DEFAULT CURRENT_TIMESTAMP COMMENT '创建时间',
  `updater` varchar(64) CHARACTER SET utf8mb4 COLLATE utf8mb4_unicode_ci NULL DEFAULT '' COMMENT '更新者',
  `update_time` datetime NOT NULL DEFAULT CURRENT_TIMESTAMP ON UPDATE CURRENT_TIMESTAMP COMMENT '更新时间',
  `deleted` bit(1) NOT NULL DEFAULT b'0' COMMENT '是否删除',
  `tenant_id` bigint NOT NULL DEFAULT 0 COMMENT '租户编号',
  PRIMARY KEY (`id`) USING BTREE
) ENGINE = InnoDB AUTO_INCREMENT = 6 CHARACTER SET = utf8mb4 COLLATE = utf8mb4_unicode_ci COMMENT = 'IoT 场景联动规则';

-- ----------------------------
-- Records of iot_scene_rule
-- ----------------------------
BEGIN;
INSERT INTO `iot_scene_rule` (`id`, `name`, `description`, `status`, `triggers`, `actions`, `last_trigger_time`, `creator`, `create_time`, `updater`, `update_time`, `deleted`, `tenant_id`) VALUES (1, '11', '', 0, '[{\"type\": 1, \"conditions\": [{\"type\": \"property\", \"identifier\": \"set\", \"parameters\": []}], \"productKey\": \"\", \"deviceNames\": [], \"cronExpression\": null}]', '[{\"type\": 1, \"dataBridgeId\": null, \"deviceControl\": {\"data\": {\"array\": \"1\", \"struct\": \"1\", \"property_test0\": \"1\"}, \"type\": \"property\", \"identifier\": \"set\", \"productKey\": \"efCs2ruTcmchWF61\", \"deviceNames\": []}}]', NULL, '1', '2025-03-28 18:03:21', '1', '2025-03-28 18:11:41', b'0', 1), (2, '111', '', 0, '[{\"type\": 1, \"conditions\": [{\"type\": \"property\", \"identifier\": \"set\", \"parameters\": [{\"value\": \"12\", \"operator\": \"=\", \"identifier\": \"temperature\"}]}], \"productKey\": \"fqTn4Afs982Nak4N\", \"deviceNames\": [\"jiali001\"], \"cronExpression\": null}]', '[{\"type\": 3, \"dataBridgeId\": 11, \"deviceControl\": {\"data\": {}, \"type\": \"property\", \"identifier\": \"set\", \"productKey\": \"\", \"deviceNames\": []}}]', NULL, '1', '2025-03-29 12:48:39', '1', '2025-03-29 12:48:39', b'0', 1), (3, '全组件展示', '学习下', 1, '[{\"type\": 1, \"value\": \"online\", \"deviceId\": 0, \"operator\": \"=\", \"productId\": 5, \"identifier\": \"\", \"cronExpression\": null, \"conditionGroups\": null}, {\"type\": 2, \"value\": \"\", \"deviceId\": null, \"operator\": null, \"productId\": null, \"identifier\": null, \"cronExpression\": null, \"conditionGroups\": []}]', '[{\"type\": 1, \"params\": null, \"deviceId\": null, \"productId\": null, \"identifier\": null, \"alertConfigId\": null}, {\"type\": 2, \"params\": null, \"deviceId\": null, \"productId\": null, \"identifier\": null, \"alertConfigId\": null}, {\"type\": 100, \"params\": null, \"deviceId\": null, \"productId\": null, \"identifier\": null, \"alertConfigId\": null}]', NULL, '1', '2025-03-29 13:37:51', '1', '2025-09-03 23:05:23', b'0', 1), (4, '演示场景联动规则', '', 0, '[{\"type\": 2, \"value\": \"1000\", \"deviceId\": 0, \"operator\": \">\", \"productId\": 16, \"identifier\": \"width\", \"cronExpression\": null, \"conditionGroups\": []}]', '[{\"type\": 2, \"params\": \"{\\n  \\\"a\\\": 1,\\n  \\\"b\\\": 2\\n}\", \"deviceId\": 25, \"productId\": 16, \"identifier\": \"test_scene_rule\", \"alertConfigId\": null}]', '2026-02-13 18:15:28', '1', '2026-02-13 18:11:44', NULL, '2026-02-13 18:15:28', b'0', 1), (5, '高度超标告警规则', '', 0, '[{\"type\": 2, \"value\": \"2000\", \"deviceId\": 25, \"operator\": \">\", \"productId\": 16, \"identifier\": \"height\", \"cronExpression\": null, \"conditionGroups\": []}]', '[{\"type\": 100, \"params\": null, \"deviceId\": null, \"productId\": null, \"identifier\": null, \"alertConfigId\": null}]', '2026-02-13 22:50:35', '1', '2026-02-13 20:34:30', NULL, '2026-02-13 22:50:35', b'0', 1);
COMMIT;

-- ----------------------------
-- Table structure for iot_thing_model
-- ----------------------------
DROP TABLE IF EXISTS `iot_thing_model`;
CREATE TABLE `iot_thing_model`  (
  `id` bigint UNSIGNED NOT NULL AUTO_INCREMENT COMMENT '物模型功能编号',
  `identifier` varchar(255) CHARACTER SET utf8mb4 COLLATE utf8mb4_unicode_ci NOT NULL COMMENT '功能标识',
  `name` varchar(255) CHARACTER SET utf8mb4 COLLATE utf8mb4_unicode_ci NOT NULL COMMENT '功能名称',
  `description` varchar(255) CHARACTER SET utf8mb4 COLLATE utf8mb4_unicode_ci NULL DEFAULT NULL COMMENT '功能描述',
  `product_id` bigint UNSIGNED NOT NULL COMMENT '产品ID（关联 IotProductDO 的 id）',
  `product_key` varchar(255) CHARACTER SET utf8mb4 COLLATE utf8mb4_unicode_ci NOT NULL COMMENT '产品Key（关联 IotProductDO 的 productKey）',
  `type` tinyint UNSIGNED NOT NULL COMMENT '功能类型（1 - 属性，2 - 服务，3 - 事件）',
  `property` json NULL COMMENT '属性（存储 ThingModelProperty 的 JSON 数据）',
  `event` json NULL COMMENT '事件（存储 ThingModelEvent 的 JSON 数据）',
  `service` json NULL COMMENT '服务（存储服务的 JSON 数据）',
  `creator` varchar(64) CHARACTER SET utf8mb4 COLLATE utf8mb4_unicode_ci NULL DEFAULT '' COMMENT '创建者',
  `create_time` datetime NOT NULL DEFAULT CURRENT_TIMESTAMP COMMENT '创建时间',
  `updater` varchar(64) CHARACTER SET utf8mb4 COLLATE utf8mb4_unicode_ci NULL DEFAULT '' COMMENT '更新者',
  `update_time` datetime NOT NULL DEFAULT CURRENT_TIMESTAMP ON UPDATE CURRENT_TIMESTAMP COMMENT '更新时间',
  `deleted` bit(1) NOT NULL DEFAULT b'0' COMMENT '是否删除',
  `tenant_id` bigint NOT NULL DEFAULT 0 COMMENT '租户编号',
  PRIMARY KEY (`id`) USING BTREE,
  INDEX `idx_product_id`(`product_id` ASC) USING BTREE,
  INDEX `idx_product_key`(`product_key` ASC) USING BTREE
) ENGINE = InnoDB AUTO_INCREMENT = 125 CHARACTER SET = utf8mb4 COLLATE = utf8mb4_unicode_ci COMMENT = 'IoT 产品物模型功能表';

-- ----------------------------
-- Records of iot_thing_model
-- ----------------------------
BEGIN;
INSERT INTO `iot_thing_model` (`id`, `identifier`, `name`, `description`, `product_id`, `product_key`, `type`, `property`, `event`, `service`, `creator`, `create_time`, `updater`, `update_time`, `deleted`, `tenant_id`) VALUES (80, 'close', '关闭插座', NULL, 11, 'jAufEMTF1W6wnPhn', 2, NULL, NULL, '{\"name\": \"关闭插座\", \"method\": null, \"callType\": \"sync\", \"required\": null, \"identifier\": \"close\", \"inputParams\": [{\"name\": \"开关状态\", \"dataType\": \"bool\", \"dataSpecs\": null, \"direction\": \"input\", \"paraOrder\": 0, \"identifier\": \"status\", \"dataSpecsList\": [{\"name\": \"关\", \"value\": 0, \"dataType\": \"bool\"}, {\"name\": \"开\", \"value\": 1, \"dataType\": \"bool\"}]}], \"outputParams\": [{\"name\": \"开关状态\", \"dataType\": \"bool\", \"dataSpecs\": null, \"direction\": \"output\", \"paraOrder\": 0, \"identifier\": \"status\", \"dataSpecsList\": [{\"name\": \"关\", \"value\": 0, \"dataType\": \"bool\"}, {\"name\": \"开\", \"value\": 1, \"dataType\": \"bool\"}]}]}', '1', '2024-12-26 14:45:17', '1', '2024-12-27 11:35:32', b'0', 1), (81, 'power', '电流功率', NULL, 11, 'jAufEMTF1W6wnPhn', 1, '{\"name\": \"电流功率\", \"dataType\": \"int\", \"required\": null, \"dataSpecs\": {\"max\": \"1200\", \"min\": \"0\", \"step\": \"1\", \"unit\": \"kW·h\", \"precise\": null, \"dataType\": \"int\", \"unitName\": \"千瓦时\", \"defaultValue\": null}, \"accessMode\": \"r\", \"identifier\": \"power\", \"dataSpecsList\": null}', NULL, NULL, '1', '2024-12-26 14:49:12', '1', '2024-12-26 14:49:12', b'0', 1), (82, 'post', '属性上报', '属性上报事件', 11, 'jAufEMTF1W6wnPhn', 3, NULL, '{\"name\": \"属性上报\", \"type\": \"info\", \"method\": \"thing.event.property.post\", \"required\": null, \"identifier\": \"post\", \"outputParams\": [{\"name\": \"电流功率\", \"dataType\": \"int\", \"dataSpecs\": {\"max\": \"1200\", \"min\": \"0\", \"step\": \"1\", \"unit\": \"kW·h\", \"precise\": null, \"dataType\": \"int\", \"unitName\": \"千瓦时\", \"defaultValue\": null}, \"direction\": \"output\", \"paraOrder\": 0, \"identifier\": \"power\", \"dataSpecsList\": null}]}', NULL, '1', '2024-12-26 14:49:13', '1', '2025-06-29 15:36:59', b'1', 1), (83, 'get', '属性获取', '属性获取服务', 11, 'jAufEMTF1W6wnPhn', 2, NULL, NULL, '{\"name\": \"属性获取\", \"method\": \"thing.service.property.get\", \"callType\": \"async\", \"required\": null, \"identifier\": \"get\", \"inputParams\": [{\"name\": \"电流功率\", \"dataType\": \"int\", \"dataSpecs\": {\"max\": \"1200\", \"min\": \"0\", \"step\": \"1\", \"unit\": \"kW·h\", \"precise\": null, \"dataType\": \"int\", \"unitName\": \"千瓦时\", \"defaultValue\": null}, \"direction\": \"input\", \"paraOrder\": 0, \"identifier\": \"power\", \"dataSpecsList\": null}], \"outputParams\": [{\"name\": \"电流功率\", \"dataType\": \"int\", \"dataSpecs\": {\"max\": \"1200\", \"min\": \"0\", \"step\": \"1\", \"unit\": \"kW·h\", \"precise\": null, \"dataType\": \"int\", \"unitName\": \"千瓦时\", \"defaultValue\": null}, \"direction\": \"output\", \"paraOrder\": 0, \"identifier\": \"power\", \"dataSpecsList\": null}]}', '1', '2024-12-26 14:49:13', '1', '2025-06-29 15:37:01', b'1', 1), (84, 'soul', '加热', NULL, 15, 'efCs2ruTcmchWF610000000000000000000000000000000000000', 1, '{\"name\": \"加热\", \"dataType\": \"int\", \"required\": null, \"dataSpecs\": {\"max\": \"99\", \"min\": \"0\", \"step\": \"2\", \"unit\": \"W/㎡\", \"precise\": null, \"dataType\": \"int\", \"unitName\": \"太阳总辐射\", \"defaultValue\": null}, \"accessMode\": \"rw\", \"identifier\": \"soul\", \"dataSpecsList\": null}', NULL, NULL, '1', '2024-12-31 16:22:15', '1', '2025-01-03 13:38:31', b'0', 1), (85, 'post', '属性上报', '属性上报事件', 15, 'efCs2ruTcmchWF61', 3, NULL, '{\"name\": \"属性上报\", \"type\": \"info\", \"method\": \"thing.event.property.post\", \"required\": null, \"identifier\": \"post\", \"outputParams\": [{\"name\": \"加热\", \"dataType\": \"int\", \"dataSpecs\": {\"max\": \"99\", \"min\": \"0\", \"step\": \"2\", \"unit\": \"W/㎡\", \"precise\": null, \"dataType\": \"int\", \"unitName\": \"太阳总辐射\", \"defaultValue\": null}, \"direction\": \"output\", \"paraOrder\": 0, \"identifier\": \"soul\", \"dataSpecsList\": null}, {\"name\": \"属性test0\", \"dataType\": \"int\", \"dataSpecs\": {\"max\": \"100\", \"min\": \"0\", \"step\": \"1\", \"unit\": \"pH\", \"precise\": null, \"dataType\": \"int\", \"unitName\": \"PH值\", \"defaultValue\": null}, \"direction\": \"output\", \"paraOrder\": 0, \"identifier\": \"property_test0\", \"dataSpecsList\": null}, {\"name\": \"时间\", \"dataType\": \"date\", \"dataSpecs\": {\"length\": null, \"dataType\": \"text\", \"defaultValue\": null}, \"direction\": \"output\", \"paraOrder\": 0, \"identifier\": \"times\", \"dataSpecsList\": null}, {\"name\": \"结构体\", \"dataType\": \"struct\", \"dataSpecs\": null, \"direction\": \"output\", \"paraOrder\": 0, \"identifier\": \"struct\", \"dataSpecsList\": [{\"name\": \"2\", \"dataType\": \"struct\", \"required\": null, \"dataSpecs\": {\"max\": \"2222\", \"min\": \"22\", \"step\": \"2\", \"unit\": \"L/min\", \"precise\": null, \"dataType\": \"int\", \"unitName\": \"升每分钟\", \"defaultValue\": null}, \"accessMode\": null, \"identifier\": \"2dede\", \"childDataType\": \"float\", \"dataSpecsList\": null}]}, {\"name\": \"队列\", \"dataType\": \"array\", \"dataSpecs\": {\"size\": 5, \"dataType\": \"array\", \"childDataType\": \"int\", \"dataSpecsList\": null}, \"direction\": \"output\", \"paraOrder\": 0, \"identifier\": \"array\", \"dataSpecsList\": null}]}', NULL, '1', '2024-12-31 16:22:15', '1', '2025-02-20 16:58:35', b'0', 1), (86, 'set', '属性设置', '属性设置服务', 15, 'efCs2ruTcmchWF61', 2, NULL, NULL, '{\"name\": \"属性设置\", \"method\": \"thing.service.property.set\", \"callType\": \"async\", \"required\": null, \"identifier\": \"set\", \"inputParams\": [{\"name\": \"加热\", \"dataType\": \"int\", \"dataSpecs\": {\"max\": \"99\", \"min\": \"0\", \"step\": \"2\", \"unit\": \"W/㎡\", \"precise\": null, \"dataType\": \"int\", \"unitName\": \"太阳总辐射\", \"defaultValue\": null}, \"direction\": \"input\", \"paraOrder\": 0, \"identifier\": \"soul\", \"dataSpecsList\": null}, {\"name\": \"属性test0\", \"dataType\": \"int\", \"dataSpecs\": {\"max\": \"100\", \"min\": \"0\", \"step\": \"1\", \"unit\": \"pH\", \"precise\": null, \"dataType\": \"int\", \"unitName\": \"PH值\", \"defaultValue\": null}, \"direction\": \"input\", \"paraOrder\": 0, \"identifier\": \"property_test0\", \"dataSpecsList\": null}, {\"name\": \"时间\", \"dataType\": \"date\", \"dataSpecs\": {\"length\": null, \"dataType\": \"text\", \"defaultValue\": null}, \"direction\": \"input\", \"paraOrder\": 0, \"identifier\": \"times\", \"dataSpecsList\": null}, {\"name\": \"结构体\", \"dataType\": \"struct\", \"dataSpecs\": null, \"direction\": \"input\", \"paraOrder\": 0, \"identifier\": \"struct\", \"dataSpecsList\": [{\"name\": \"2\", \"dataType\": \"struct\", \"required\": null, \"dataSpecs\": {\"max\": \"2222\", \"min\": \"22\", \"step\": \"2\", \"unit\": \"L/min\", \"precise\": null, \"dataType\": \"int\", \"unitName\": \"升每分钟\", \"defaultValue\": null}, \"accessMode\": null, \"identifier\": \"2dede\", \"childDataType\": \"float\", \"dataSpecsList\": null}]}, {\"name\": \"队列\", \"dataType\": \"array\", \"dataSpecs\": {\"size\": 5, \"dataType\": \"array\", \"childDataType\": \"int\", \"dataSpecsList\": null}, \"direction\": \"input\", \"paraOrder\": 0, \"identifier\": \"array\", \"dataSpecsList\": null}], \"outputParams\": []}', '1', '2024-12-31 16:22:15', '1', '2025-02-20 16:58:35', b'0', 1), (87, 'get', '属性获取', '属性获取服务', 15, 'efCs2ruTcmchWF61', 2, NULL, NULL, '{\"name\": \"属性获取\", \"method\": \"thing.service.property.get\", \"callType\": \"async\", \"required\": null, \"identifier\": \"get\", \"inputParams\": [{\"name\": \"加热\", \"dataType\": \"int\", \"dataSpecs\": {\"max\": \"99\", \"min\": \"0\", \"step\": \"2\", \"unit\": \"W/㎡\", \"precise\": null, \"dataType\": \"int\", \"unitName\": \"太阳总辐射\", \"defaultValue\": null}, \"direction\": \"input\", \"paraOrder\": 0, \"identifier\": \"soul\", \"dataSpecsList\": null}, {\"name\": \"属性test0\", \"dataType\": \"int\", \"dataSpecs\": {\"max\": \"100\", \"min\": \"0\", \"step\": \"1\", \"unit\": \"pH\", \"precise\": null, \"dataType\": \"int\", \"unitName\": \"PH值\", \"defaultValue\": null}, \"direction\": \"input\", \"paraOrder\": 0, \"identifier\": \"property_test0\", \"dataSpecsList\": null}, {\"name\": \"时间\", \"dataType\": \"date\", \"dataSpecs\": {\"length\": null, \"dataType\": \"text\", \"defaultValue\": null}, \"direction\": \"input\", \"paraOrder\": 0, \"identifier\": \"times\", \"dataSpecsList\": null}, {\"name\": \"结构体\", \"dataType\": \"struct\", \"dataSpecs\": null, \"direction\": \"input\", \"paraOrder\": 0, \"identifier\": \"struct\", \"dataSpecsList\": [{\"name\": \"2\", \"dataType\": \"struct\", \"required\": null, \"dataSpecs\": {\"max\": \"2222\", \"min\": \"22\", \"step\": \"2\", \"unit\": \"L/min\", \"precise\": null, \"dataType\": \"int\", \"unitName\": \"升每分钟\", \"defaultValue\": null}, \"accessMode\": null, \"identifier\": \"2dede\", \"childDataType\": \"float\", \"dataSpecsList\": null}]}, {\"name\": \"队列\", \"dataType\": \"array\", \"dataSpecs\": {\"size\": 5, \"dataType\": \"array\", \"childDataType\": \"int\", \"dataSpecsList\": null}, \"direction\": \"input\", \"paraOrder\": 0, \"identifier\": \"array\", \"dataSpecsList\": null}], \"outputParams\": [{\"name\": \"加热\", \"dataType\": \"int\", \"dataSpecs\": {\"max\": \"99\", \"min\": \"0\", \"step\": \"2\", \"unit\": \"W/㎡\", \"precise\": null, \"dataType\": \"int\", \"unitName\": \"太阳总辐射\", \"defaultValue\": null}, \"direction\": \"output\", \"paraOrder\": 0, \"identifier\": \"soul\", \"dataSpecsList\": null}, {\"name\": \"属性test0\", \"dataType\": \"int\", \"dataSpecs\": {\"max\": \"100\", \"min\": \"0\", \"step\": \"1\", \"unit\": \"pH\", \"precise\": null, \"dataType\": \"int\", \"unitName\": \"PH值\", \"defaultValue\": null}, \"direction\": \"output\", \"paraOrder\": 0, \"identifier\": \"property_test0\", \"dataSpecsList\": null}, {\"name\": \"时间\", \"dataType\": \"date\", \"dataSpecs\": {\"length\": null, \"dataType\": \"text\", \"defaultValue\": null}, \"direction\": \"output\", \"paraOrder\": 0, \"identifier\": \"times\", \"dataSpecsList\": null}, {\"name\": \"结构体\", \"dataType\": \"struct\", \"dataSpecs\": null, \"direction\": \"output\", \"paraOrder\": 0, \"identifier\": \"struct\", \"dataSpecsList\": [{\"name\": \"2\", \"dataType\": \"struct\", \"required\": null, \"dataSpecs\": {\"max\": \"2222\", \"min\": \"22\", \"step\": \"2\", \"unit\": \"L/min\", \"precise\": null, \"dataType\": \"int\", \"unitName\": \"升每分钟\", \"defaultValue\": null}, \"accessMode\": null, \"identifier\": \"2dede\", \"childDataType\": \"float\", \"dataSpecsList\": null}]}, {\"name\": \"队列\", \"dataType\": \"array\", \"dataSpecs\": {\"size\": 5, \"dataType\": \"array\", \"childDataType\": \"int\", \"dataSpecsList\": null}, \"direction\": \"output\", \"paraOrder\": 0, \"identifier\": \"array\", \"dataSpecsList\": null}]}', '1', '2024-12-31 16:22:15', '1', '2025-02-20 16:58:35', b'0', 1), (88, '5A_test', '5a服务', NULL, 15, 'efCs2ruTcmchWF610000000000000000000000000000000000000', 2, NULL, NULL, '{\"name\": \"5a服务\", \"method\": null, \"callType\": \"async\", \"required\": null, \"identifier\": \"5A_test\", \"inputParams\": null, \"outputParams\": null}', '1', '2025-01-01 16:49:22', '1', '2025-01-01 16:49:22', b'0', 1), (89, 'property_test0', '属性test0', NULL, 15, 'efCs2ruTcmchWF610000000000000000000000000000000000000', 1, '{\"name\": \"属性test0\", \"dataType\": \"int\", \"required\": null, \"dataSpecs\": {\"max\": \"100\", \"min\": \"0\", \"step\": \"1\", \"unit\": \"pH\", \"precise\": null, \"dataType\": \"int\", \"unitName\": \"PH值\", \"defaultValue\": null}, \"accessMode\": \"rw\", \"identifier\": \"property_test0\", \"dataSpecsList\": null}', NULL, NULL, '1', '2025-01-01 16:58:23', '1', '2025-01-01 16:58:23', b'0', 1), (90, 'event_test0', 'Event_test0', NULL, 15, 'efCs2ruTcmchWF610000000000000000000000000000000000000', 3, NULL, '{\"name\": \"Event_test0\", \"type\": \"info\", \"method\": null, \"required\": null, \"identifier\": \"event_test0\", \"outputParams\": null}', NULL, '1', '2025-01-01 16:59:05', '1', '2025-01-01 16:59:05', b'0', 1), (91, 'times', '时间', NULL, 15, 'efCs2ruTcmchWF610000000000000000000000000000000000000', 1, '{\"name\": \"时间\", \"dataType\": \"date\", \"required\": null, \"dataSpecs\": {\"length\": null, \"dataType\": \"text\", \"defaultValue\": null}, \"accessMode\": \"rw\", \"identifier\": \"times\", \"dataSpecsList\": null}', NULL, NULL, '1', '2025-01-03 20:21:09', '1', '2025-01-03 20:21:09', b'0', 1), (92, 'struct', '结构体', NULL, 15, 'efCs2ruTcmchWF61', 1, '{\"name\": \"结构体\", \"dataType\": \"struct\", \"required\": null, \"dataSpecs\": null, \"accessMode\": \"rw\", \"identifier\": \"struct\", \"dataSpecsList\": [{\"name\": \"2\", \"dataType\": \"struct\", \"required\": null, \"dataSpecs\": {\"max\": \"2222\", \"min\": \"22\", \"step\": \"2\", \"unit\": \"L/min\", \"precise\": null, \"dataType\": \"int\", \"unitName\": \"升每分钟\", \"defaultValue\": null}, \"accessMode\": null, \"identifier\": \"2dede\", \"childDataType\": \"float\", \"dataSpecsList\": null}]}', NULL, NULL, '1', '2025-01-03 20:21:30', '1', '2025-02-20 16:58:35', b'0', 1), (93, 'array', '队列', NULL, 15, 'efCs2ruTcmchWF610000000000000000000000000000000000000', 1, '{\"name\": \"队列\", \"dataType\": \"array\", \"required\": null, \"dataSpecs\": {\"size\": 5, \"dataType\": \"array\", \"childDataType\": \"int\", \"dataSpecsList\": null}, \"accessMode\": \"rw\", \"identifier\": \"array\", \"dataSpecsList\": null}', NULL, NULL, '1', '2025-01-03 20:21:58', '1', '2025-01-03 20:21:58', b'0', 1), (94, 'water', '出水量', NULL, 16, '4aymZgOTOOCrDKRT', 1, '{\"name\": \"出水量\", \"dataType\": \"int\", \"required\": null, \"dataSpecs\": {\"max\": \"100\", \"min\": \"0\", \"step\": \"1\", \"unit\": \"var\", \"precise\": null, \"dataType\": \"int\", \"unitName\": \"乏\", \"defaultValue\": null}, \"accessMode\": \"rw\", \"identifier\": \"water\", \"dataSpecsList\": null}', NULL, NULL, '1', '2025-01-24 14:11:37', '1', '2025-01-24 14:11:37', b'0', 1), (95, 'post', '属性上报', '属性上报事件', 16, '4aymZgOTOOCrDKRT', 3, NULL, '{\"name\": \"属性上报\", \"type\": \"info\", \"method\": \"thing.event.property.post\", \"required\": null, \"identifier\": \"post\", \"outputParams\": [{\"name\": \"出水量\", \"dataType\": \"int\", \"dataSpecs\": {\"max\": \"100\", \"min\": \"0\", \"step\": \"1\", \"unit\": \"var\", \"precise\": null, \"dataType\": \"int\", \"unitName\": \"乏\", \"defaultValue\": null}, \"direction\": \"output\", \"paraOrder\": 0, \"identifier\": \"water\", \"dataSpecsList\": null}, {\"name\": \"高度\", \"dataType\": \"int\", \"dataSpecs\": {\"max\": \"50\", \"min\": \"10\", \"step\": \"1\", \"unit\": \"cm\", \"precise\": null, \"dataType\": \"int\", \"unitName\": \"厘米\", \"defaultValue\": null}, \"direction\": \"output\", \"paraOrder\": 0, \"identifier\": \"height\", \"dataSpecsList\": null}, {\"name\": \"宽度\", \"dataType\": \"int\", \"dataSpecs\": {\"max\": \"50\", \"min\": \"20\", \"step\": \"1\", \"unit\": \"mm\", \"precise\": null, \"dataType\": \"int\", \"unitName\": \"毫米\", \"defaultValue\": null}, \"direction\": \"output\", \"paraOrder\": 0, \"identifier\": \"width\", \"dataSpecsList\": null}, {\"name\": \"一二\", \"dataType\": \"int\", \"dataSpecs\": {\"max\": \"1000\", \"min\": \"1\", \"step\": \"5\", \"unit\": \"L/min\", \"precise\": null, \"dataType\": \"int\", \"unitName\": \"升每分钟\", \"defaultValue\": null}, \"direction\": \"output\", \"paraOrder\": 0, \"identifier\": \"onetwo\", \"dataSpecsList\": null}, {\"name\": \"一三\", \"dataType\": \"int\", \"dataSpecs\": {\"max\": \"5\", \"min\": \"1\", \"step\": \"2\", \"unit\": \"L/min\", \"precise\": null, \"dataType\": \"int\", \"unitName\": \"升每分钟\", \"defaultValue\": null}, \"direction\": \"output\", \"paraOrder\": 0, \"identifier\": \"oneThree\", \"dataSpecsList\": null}]}', NULL, '1', '2025-01-24 14:11:37', '1', '2025-06-29 16:11:00', b'1', 1), (96, 'set', '属性设置', '属性设置服务', 16, '4aymZgOTOOCrDKRT', 2, NULL, NULL, '{\"name\": \"属性设置\", \"method\": \"thing.service.property.set\", \"callType\": \"async\", \"required\": null, \"identifier\": \"set\", \"inputParams\": [{\"name\": \"出水量\", \"dataType\": \"int\", \"dataSpecs\": {\"max\": \"100\", \"min\": \"0\", \"step\": \"1\", \"unit\": \"var\", \"precise\": null, \"dataType\": \"int\", \"unitName\": \"乏\", \"defaultValue\": null}, \"direction\": \"input\", \"paraOrder\": 0, \"identifier\": \"water\", \"dataSpecsList\": null}, {\"name\": \"高度\", \"dataType\": \"int\", \"dataSpecs\": {\"max\": \"50\", \"min\": \"10\", \"step\": \"1\", \"unit\": \"cm\", \"precise\": null, \"dataType\": \"int\", \"unitName\": \"厘米\", \"defaultValue\": null}, \"direction\": \"input\", \"paraOrder\": 0, \"identifier\": \"height\", \"dataSpecsList\": null}, {\"name\": \"宽度\", \"dataType\": \"int\", \"dataSpecs\": {\"max\": \"50\", \"min\": \"20\", \"step\": \"1\", \"unit\": \"mm\", \"precise\": null, \"dataType\": \"int\", \"unitName\": \"毫米\", \"defaultValue\": null}, \"direction\": \"input\", \"paraOrder\": 0, \"identifier\": \"width\", \"dataSpecsList\": null}, {\"name\": \"一二\", \"dataType\": \"int\", \"dataSpecs\": {\"max\": \"1000\", \"min\": \"1\", \"step\": \"5\", \"unit\": \"L/min\", \"precise\": null, \"dataType\": \"int\", \"unitName\": \"升每分钟\", \"defaultValue\": null}, \"direction\": \"input\", \"paraOrder\": 0, \"identifier\": \"onetwo\", \"dataSpecsList\": null}, {\"name\": \"一三\", \"dataType\": \"int\", \"dataSpecs\": {\"max\": \"5\", \"min\": \"1\", \"step\": \"2\", \"unit\": \"L/min\", \"precise\": null, \"dataType\": \"int\", \"unitName\": \"升每分钟\", \"defaultValue\": null}, \"direction\": \"input\", \"paraOrder\": 0, \"identifier\": \"oneThree\", \"dataSpecsList\": null}], \"outputParams\": []}', '1', '2025-01-24 14:11:37', '1', '2025-06-29 16:10:58', b'1', 1), (97, 'get', '属性获取', '属性获取服务', 16, '4aymZgOTOOCrDKRT', 2, NULL, NULL, '{\"name\": \"属性获取\", \"method\": \"thing.service.property.get\", \"callType\": \"async\", \"required\": null, \"identifier\": \"get\", \"inputParams\": [{\"name\": \"出水量\", \"dataType\": \"int\", \"dataSpecs\": {\"max\": \"100\", \"min\": \"0\", \"step\": \"1\", \"unit\": \"var\", \"precise\": null, \"dataType\": \"int\", \"unitName\": \"乏\", \"defaultValue\": null}, \"direction\": \"input\", \"paraOrder\": 0, \"identifier\": \"water\", \"dataSpecsList\": null}, {\"name\": \"高度\", \"dataType\": \"int\", \"dataSpecs\": {\"max\": \"50\", \"min\": \"10\", \"step\": \"1\", \"unit\": \"cm\", \"precise\": null, \"dataType\": \"int\", \"unitName\": \"厘米\", \"defaultValue\": null}, \"direction\": \"input\", \"paraOrder\": 0, \"identifier\": \"height\", \"dataSpecsList\": null}, {\"name\": \"宽度\", \"dataType\": \"int\", \"dataSpecs\": {\"max\": \"50\", \"min\": \"20\", \"step\": \"1\", \"unit\": \"mm\", \"precise\": null, \"dataType\": \"int\", \"unitName\": \"毫米\", \"defaultValue\": null}, \"direction\": \"input\", \"paraOrder\": 0, \"identifier\": \"width\", \"dataSpecsList\": null}, {\"name\": \"一二\", \"dataType\": \"int\", \"dataSpecs\": {\"max\": \"1000\", \"min\": \"1\", \"step\": \"5\", \"unit\": \"L/min\", \"precise\": null, \"dataType\": \"int\", \"unitName\": \"升每分钟\", \"defaultValue\": null}, \"direction\": \"input\", \"paraOrder\": 0, \"identifier\": \"onetwo\", \"dataSpecsList\": null}, {\"name\": \"一三\", \"dataType\": \"int\", \"dataSpecs\": {\"max\": \"5\", \"min\": \"1\", \"step\": \"2\", \"unit\": \"L/min\", \"precise\": null, \"dataType\": \"int\", \"unitName\": \"升每分钟\", \"defaultValue\": null}, \"direction\": \"input\", \"paraOrder\": 0, \"identifier\": \"oneThree\", \"dataSpecsList\": null}], \"outputParams\": [{\"name\": \"出水量\", \"dataType\": \"int\", \"dataSpecs\": {\"max\": \"100\", \"min\": \"0\", \"step\": \"1\", \"unit\": \"var\", \"precise\": null, \"dataType\": \"int\", \"unitName\": \"乏\", \"defaultValue\": null}, \"direction\": \"output\", \"paraOrder\": 0, \"identifier\": \"water\", \"dataSpecsList\": null}, {\"name\": \"高度\", \"dataType\": \"int\", \"dataSpecs\": {\"max\": \"50\", \"min\": \"10\", \"step\": \"1\", \"unit\": \"cm\", \"precise\": null, \"dataType\": \"int\", \"unitName\": \"厘米\", \"defaultValue\": null}, \"direction\": \"output\", \"paraOrder\": 0, \"identifier\": \"height\", \"dataSpecsList\": null}, {\"name\": \"宽度\", \"dataType\": \"int\", \"dataSpecs\": {\"max\": \"50\", \"min\": \"20\", \"step\": \"1\", \"unit\": \"mm\", \"precise\": null, \"dataType\": \"int\", \"unitName\": \"毫米\", \"defaultValue\": null}, \"direction\": \"output\", \"paraOrder\": 0, \"identifier\": \"width\", \"dataSpecsList\": null}, {\"name\": \"一二\", \"dataType\": \"int\", \"dataSpecs\": {\"max\": \"1000\", \"min\": \"1\", \"step\": \"5\", \"unit\": \"L/min\", \"precise\": null, \"dataType\": \"int\", \"unitName\": \"升每分钟\", \"defaultValue\": null}, \"direction\": \"output\", \"paraOrder\": 0, \"identifier\": \"onetwo\", \"dataSpecsList\": null}, {\"name\": \"一三\", \"dataType\": \"int\", \"dataSpecs\": {\"max\": \"5\", \"min\": \"1\", \"step\": \"2\", \"unit\": \"L/min\", \"precise\": null, \"dataType\": \"int\", \"unitName\": \"升每分钟\", \"defaultValue\": null}, \"direction\": \"output\", \"paraOrder\": 0, \"identifier\": \"oneThree\", \"dataSpecsList\": null}]}', '1', '2025-01-24 14:11:37', '1', '2025-06-29 16:10:56', b'1', 1), (98, 'height', '高度', NULL, 16, '4aymZgOTOOCrDKRT', 1, '{\"name\": \"高度\", \"dataType\": \"int\", \"required\": null, \"dataSpecs\": {\"max\": \"50\", \"min\": \"10\", \"step\": \"1\", \"unit\": \"cm\", \"precise\": null, \"dataType\": \"int\", \"unitName\": \"厘米\", \"defaultValue\": null}, \"accessMode\": \"rw\", \"identifier\": \"height\", \"dataSpecsList\": null}', NULL, NULL, '1', '2025-01-27 16:36:04', '1', '2025-01-27 16:36:04', b'0', 1), (99, 'width', '宽度', '132', 16, '4aymZgOTOOCrDKRT', 1, '{\"name\": \"宽度\", \"dataType\": \"int\", \"required\": null, \"dataSpecs\": {\"max\": \"50\", \"min\": \"20\", \"step\": \"1\", \"unit\": \"mm\", \"precise\": null, \"dataType\": \"int\", \"unitName\": \"毫米\", \"defaultValue\": null}, \"accessMode\": \"rw\", \"identifier\": \"width\", \"dataSpecsList\": null}', NULL, NULL, '1', '2025-01-27 16:36:32', '1', '2025-01-27 22:22:40', b'0', 1), (100, 'onetwo', '一二', NULL, 16, '4aymZgOTOOCrDKRT', 1, '{\"name\": \"一二\", \"dataType\": \"int\", \"required\": null, \"dataSpecs\": {\"max\": \"1000\", \"min\": \"1\", \"step\": \"5\", \"unit\": \"L/min\", \"precise\": null, \"dataType\": \"int\", \"unitName\": \"升每分钟\", \"defaultValue\": null}, \"accessMode\": \"rw\", \"identifier\": \"onetwo\", \"dataSpecsList\": null}', NULL, NULL, '1', '2025-01-28 22:57:42', '1', '2025-01-28 22:57:42', b'0', 1), (101, 'oneThree', '一三', NULL, 16, '4aymZgOTOOCrDKRT', 1, '{\"name\": \"一三\", \"dataType\": \"int\", \"required\": null, \"dataSpecs\": {\"max\": \"5\", \"min\": \"1\", \"step\": \"2\", \"unit\": \"L/min\", \"precise\": null, \"dataType\": \"int\", \"unitName\": \"升每分钟\", \"defaultValue\": null}, \"accessMode\": \"rw\", \"identifier\": \"oneThree\", \"dataSpecsList\": null}', NULL, NULL, '1', '2025-01-28 23:03:17', '1', '2025-01-28 23:03:17', b'0', 1), (102, 'kwhp', '正向有功电能', NULL, 5, 'f13f57c63e9', 1, '{\"name\": \"正向有功电能\", \"dataType\": \"double\", \"required\": null, \"dataSpecs\": {\"max\": \"1000000000\", \"min\": \"-1000000000\", \"step\": \"1\", \"unit\": \"kW·h\", \"precise\": null, \"dataType\": \"int\", \"unitName\": \"千瓦时\", \"defaultValue\": null}, \"accessMode\": \"r\", \"identifier\": \"kwhp\", \"dataSpecsList\": null}', NULL, NULL, '1', '2025-03-03 21:44:12', '1', '2025-03-03 21:44:12', b'0', 1), (103, 'post', '属性上报', '属性上报事件', 5, 'f13f57c63e9', 3, NULL, '{\"name\": \"属性上报\", \"type\": \"info\", \"method\": \"thing.event.property.post\", \"required\": null, \"identifier\": \"post\", \"outputParams\": [{\"name\": \"正向有功电能\", \"dataType\": \"double\", \"dataSpecs\": {\"max\": \"1000000000\", \"min\": \"-1000000000\", \"step\": \"1\", \"unit\": \"kW·h\", \"precise\": null, \"dataType\": \"int\", \"unitName\": \"千瓦时\", \"defaultValue\": null}, \"direction\": \"output\", \"paraOrder\": 0, \"identifier\": \"kwhp\", \"dataSpecsList\": null}]}', NULL, '1', '2025-03-03 21:44:12', '1', '2025-03-03 21:44:12', b'0', 1), (104, 'get', '属性获取', '属性获取服务', 5, 'f13f57c63e9', 2, NULL, NULL, '{\"name\": \"属性获取\", \"method\": \"thing.service.property.get\", \"callType\": \"async\", \"required\": null, \"identifier\": \"get\", \"inputParams\": [{\"name\": \"正向有功电能\", \"dataType\": \"double\", \"dataSpecs\": {\"max\": \"1000000000\", \"min\": \"-1000000000\", \"step\": \"1\", \"unit\": \"kW·h\", \"precise\": null, \"dataType\": \"int\", \"unitName\": \"千瓦时\", \"defaultValue\": null}, \"direction\": \"input\", \"paraOrder\": 0, \"identifier\": \"kwhp\", \"dataSpecsList\": null}], \"outputParams\": [{\"name\": \"正向有功电能\", \"dataType\": \"double\", \"dataSpecs\": {\"max\": \"1000000000\", \"min\": \"-1000000000\", \"step\": \"1\", \"unit\": \"kW·h\", \"precise\": null, \"dataType\": \"int\", \"unitName\": \"千瓦时\", \"defaultValue\": null}, \"direction\": \"output\", \"paraOrder\": 0, \"identifier\": \"kwhp\", \"dataSpecsList\": null}]}', '1', '2025-03-03 21:44:12', '1', '2025-03-03 21:44:12', b'0', 1), (105, 'temperature', '温度', NULL, 17, 'fqTn4Afs982Nak4N', 1, '{\"name\": \"温度\", \"dataType\": \"double\", \"required\": null, \"dataSpecs\": {\"max\": \"85\", \"min\": \"-40\", \"step\": \"0.1\", \"unit\": \"°C\", \"precise\": null, \"dataType\": \"int\", \"unitName\": \"摄氏度\", \"defaultValue\": null}, \"accessMode\": \"r\", \"identifier\": \"temperature\", \"dataSpecsList\": null}', NULL, NULL, '1', '2025-03-15 16:32:09', '1', '2025-03-15 16:32:09', b'0', 1), (106, 'post', '属性上报', '属性上报事件', 17, 'fqTn4Afs982Nak4N', 3, NULL, '{\"name\": \"属性上报\", \"type\": \"info\", \"method\": \"thing.event.property.post\", \"required\": null, \"identifier\": \"post\", \"outputParams\": [{\"name\": \"温度\", \"dataType\": \"double\", \"dataSpecs\": {\"max\": \"85\", \"min\": \"-40\", \"step\": \"0.1\", \"unit\": \"°C\", \"precise\": null, \"dataType\": \"int\", \"unitName\": \"摄氏度\", \"defaultValue\": null}, \"direction\": \"output\", \"paraOrder\": 0, \"identifier\": \"temperature\", \"dataSpecsList\": null}, {\"name\": \"湿度\", \"dataType\": \"double\", \"dataSpecs\": {\"max\": \"100\", \"min\": \"0\", \"step\": \"0.1\", \"unit\": \"%\", \"precise\": null, \"dataType\": \"int\", \"unitName\": \"百分比\", \"defaultValue\": null}, \"direction\": \"output\", \"paraOrder\": 0, \"identifier\": \"humidity\", \"dataSpecsList\": null}]}', NULL, '1', '2025-03-15 16:32:09', '1', '2025-03-15 16:33:53', b'0', 1), (107, 'get', '属性获取', '属性获取服务', 17, 'fqTn4Afs982Nak4N', 2, NULL, NULL, '{\"name\": \"属性获取\", \"method\": \"thing.service.property.get\", \"callType\": \"async\", \"required\": null, \"identifier\": \"get\", \"inputParams\": [{\"name\": \"温度\", \"dataType\": \"double\", \"dataSpecs\": {\"max\": \"85\", \"min\": \"-40\", \"step\": \"0.1\", \"unit\": \"°C\", \"precise\": null, \"dataType\": \"int\", \"unitName\": \"摄氏度\", \"defaultValue\": null}, \"direction\": \"input\", \"paraOrder\": 0, \"identifier\": \"temperature\", \"dataSpecsList\": null}, {\"name\": \"湿度\", \"dataType\": \"double\", \"dataSpecs\": {\"max\": \"100\", \"min\": \"0\", \"step\": \"0.1\", \"unit\": \"%\", \"precise\": null, \"dataType\": \"int\", \"unitName\": \"百分比\", \"defaultValue\": null}, \"direction\": \"input\", \"paraOrder\": 0, \"identifier\": \"humidity\", \"dataSpecsList\": null}], \"outputParams\": [{\"name\": \"温度\", \"dataType\": \"double\", \"dataSpecs\": {\"max\": \"85\", \"min\": \"-40\", \"step\": \"0.1\", \"unit\": \"°C\", \"precise\": null, \"dataType\": \"int\", \"unitName\": \"摄氏度\", \"defaultValue\": null}, \"direction\": \"output\", \"paraOrder\": 0, \"identifier\": \"temperature\", \"dataSpecsList\": null}, {\"name\": \"湿度\", \"dataType\": \"double\", \"dataSpecs\": {\"max\": \"100\", \"min\": \"0\", \"step\": \"0.1\", \"unit\": \"%\", \"precise\": null, \"dataType\": \"int\", \"unitName\": \"百分比\", \"defaultValue\": null}, \"direction\": \"output\", \"paraOrder\": 0, \"identifier\": \"humidity\", \"dataSpecsList\": null}]}', '1', '2025-03-15 16:32:09', '1', '2025-03-15 16:33:53', b'0', 1), (108, 'humidity', '湿度', NULL, 17, 'fqTn4Afs982Nak4N', 1, '{\"name\": \"湿度\", \"dataType\": \"double\", \"required\": null, \"dataSpecs\": {\"max\": \"100\", \"min\": \"0\", \"step\": \"0.1\", \"unit\": \"%\", \"precise\": null, \"dataType\": \"int\", \"unitName\": \"百分比\", \"defaultValue\": null}, \"accessMode\": \"r\", \"identifier\": \"humidity\", \"dataSpecsList\": null}', NULL, NULL, '1', '2025-03-15 16:33:53', '1', '2025-03-15 16:33:53', b'0', 1), (109, 'eat', '吃饭', NULL, 16, '4aymZgOTOOCrDKRT', 3, NULL, '{\"name\": \"吃饭\", \"type\": \"info\", \"method\": null, \"required\": null, \"identifier\": \"eat\", \"outputParams\": [{\"name\": \"米\", \"dataType\": \"int\", \"dataSpecs\": {\"max\": \"10\", \"min\": \"1\", \"step\": \"5\", \"unit\": \"L/min\", \"precise\": null, \"dataType\": \"int\", \"unitName\": \"升每分钟\", \"defaultValue\": null}, \"direction\": \"output\", \"paraOrder\": 0, \"identifier\": \"rice\", \"dataSpecsList\": null}]}', NULL, '1', '2025-06-19 13:15:21', '1', '2025-06-19 13:15:21', b'0', 1), (110, 'u100', 'u100', NULL, 16, '4aymZgOTOOCrDKRT', 2, NULL, NULL, '{\"name\": \"u100\", \"method\": null, \"callType\": \"async\", \"required\": null, \"identifier\": \"u100\", \"inputParams\": [{\"name\": \"a\", \"dataType\": \"int\", \"dataSpecs\": {\"max\": \"20\", \"min\": \"10\", \"step\": \"5\", \"unit\": \"L/min\", \"precise\": null, \"dataType\": \"int\", \"unitName\": \"升每分钟\", \"defaultValue\": null}, \"direction\": \"input\", \"paraOrder\": 0, \"identifier\": \"a\", \"dataSpecsList\": null}, {\"name\": \"b\", \"dataType\": \"int\", \"dataSpecs\": {\"max\": \"100\", \"min\": \"50\", \"step\": \"20\", \"unit\": \"pH\", \"precise\": null, \"dataType\": \"int\", \"unitName\": \"PH值\", \"defaultValue\": null}, \"direction\": \"input\", \"paraOrder\": 0, \"identifier\": \"b\", \"dataSpecsList\": null}], \"outputParams\": [{\"name\": \"r1\", \"dataType\": \"int\", \"dataSpecs\": {\"max\": \"20\", \"min\": \"10\", \"step\": \"5\", \"unit\": \"dS/m\", \"precise\": null, \"dataType\": \"int\", \"unitName\": \"土壤EC值\", \"defaultValue\": null}, \"direction\": \"output\", \"paraOrder\": 0, \"identifier\": \"r1\", \"dataSpecsList\": null}, {\"name\": \"r2\", \"dataType\": \"int\", \"dataSpecs\": {\"max\": \"30\", \"min\": \"20\", \"step\": \"5\", \"unit\": \"dS/m\", \"precise\": null, \"dataType\": \"int\", \"unitName\": \"土壤EC值\", \"defaultValue\": null}, \"direction\": \"output\", \"paraOrder\": 0, \"identifier\": \"r2\", \"dataSpecsList\": null}]}', '1', '2025-06-21 15:18:58', '1', '2025-06-21 15:18:58', b'0', 1), (111, 'demo', 'demo', NULL, 17, 'fqTn4Afs982Nak4N', 1, '{\"name\": \"demo\", \"dataType\": \"struct\", \"required\": null, \"dataSpecs\": null, \"accessMode\": \"rw\", \"identifier\": \"demo\", \"dataSpecsList\": [{\"name\": \"a\", \"dataType\": \"struct\", \"required\": null, \"dataSpecs\": {\"max\": \"20\", \"min\": \"10\", \"step\": \"5\", \"unit\": \"L/min\", \"precise\": null, \"dataType\": \"int\", \"unitName\": \"升每分钟\", \"defaultValue\": null}, \"accessMode\": null, \"identifier\": \"a\", \"childDataType\": \"int\", \"dataSpecsList\": null}, {\"name\": \"b\", \"dataType\": \"struct\", \"required\": null, \"dataSpecs\": {\"max\": \"50\", \"min\": \"20\", \"step\": \"5\", \"unit\": \"L/min\", \"precise\": null, \"dataType\": \"int\", \"unitName\": \"升每分钟\", \"defaultValue\": null}, \"accessMode\": null, \"identifier\": \"b\", \"childDataType\": \"int\", \"dataSpecsList\": null}]}', NULL, NULL, '1', '2025-06-29 15:45:11', '\"1\"', '2025-06-29 15:45:55', b'0', 1), (112, 'demo_json', 'demo_json', NULL, 16, '4aymZgOTOOCrDKRT', 1, '{\"name\": \"demo_json\", \"dataType\": \"struct\", \"required\": null, \"dataSpecs\": null, \"accessMode\": \"rw\", \"identifier\": \"demo_json\", \"dataSpecsList\": [{\"name\": \"a\", \"dataType\": \"struct\", \"required\": null, \"dataSpecs\": {\"max\": \"20\", \"min\": \"10\", \"step\": \"5\", \"unit\": \"L/min\", \"precise\": null, \"dataType\": \"int\", \"unitName\": \"升每分钟\", \"defaultValue\": null}, \"accessMode\": null, \"identifier\": \"a\", \"childDataType\": \"int\", \"dataSpecsList\": null}, {\"name\": \"b\", \"dataType\": \"struct\", \"required\": null, \"dataSpecs\": {\"max\": \"100\", \"min\": \"50\", \"step\": \"30\", \"unit\": \"mg/kg\", \"precise\": null, \"dataType\": \"int\", \"unitName\": \"毫克每千克\", \"defaultValue\": null}, \"accessMode\": null, \"identifier\": \"b\", \"childDataType\": \"int\", \"dataSpecsList\": null}]}', NULL, NULL, '1', '2025-06-29 16:11:40', '1', '2025-06-29 16:11:40', b'0', 1), (113, 'demo_array_int', 'demo_array_int', NULL, 16, '4aymZgOTOOCrDKRT', 1, '{\"name\": \"demo_array_int\", \"dataType\": \"array\", \"required\": null, \"dataSpecs\": {\"size\": 10, \"dataType\": \"array\", \"childDataType\": \"int\", \"dataSpecsList\": null}, \"accessMode\": \"rw\", \"identifier\": \"demo_array_int\", \"dataSpecsList\": null}', NULL, NULL, '1', '2025-06-29 16:31:31', '1', '2025-06-29 16:31:31', b'0', 1), (114, 'demo_array_json', 'demo_array_json', NULL, 16, '4aymZgOTOOCrDKRT', 1, '{\"name\": \"demo_array_json\", \"dataType\": \"array\", \"required\": null, \"dataSpecs\": {\"size\": 10, \"dataType\": \"array\", \"childDataType\": \"struct\", \"dataSpecsList\": [{\"name\": \"a\", \"dataType\": \"struct\", \"required\": null, \"dataSpecs\": {\"max\": \"10\", \"min\": \"1\", \"step\": \"5\", \"unit\": \"L/min\", \"precise\": null, \"dataType\": \"int\", \"unitName\": \"升每分钟\", \"defaultValue\": null}, \"accessMode\": null, \"identifier\": \"a\", \"childDataType\": \"int\", \"dataSpecsList\": null}, {\"name\": \"cc\", \"dataType\": \"struct\", \"required\": null, \"dataSpecs\": {\"max\": \"20\", \"min\": \"10\", \"step\": \"5\", \"unit\": \"L/min\", \"precise\": null, \"dataType\": \"int\", \"unitName\": \"升每分钟\", \"defaultValue\": null}, \"accessMode\": null, \"identifier\": \"cc\", \"childDataType\": \"int\", \"dataSpecsList\": null}]}, \"accessMode\": \"rw\", \"identifier\": \"demo_array_json\", \"dataSpecsList\": null}', NULL, NULL, '1', '2025-06-29 16:32:02', '\"1\"', '2025-06-29 16:51:30', b'0', 1), (115, 'width', '宽度', NULL, 20, 'modbus-tcp-demo', 1, '{\"name\": \"宽度\", \"dataType\": \"int\", \"required\": null, \"dataSpecs\": {\"max\": \"128\", \"min\": \"0\", \"step\": \"1\", \"unit\": \"mm/s\", \"precise\": null, \"dataType\": \"int\", \"unitName\": \"毫米每秒\", \"defaultValue\": null}, \"accessMode\": \"rw\", \"identifier\": \"width\", \"dataSpecsList\": null}', NULL, NULL, '1', '2026-01-17 23:24:08', '1', '2026-01-17 23:24:08', b'0', 1), (116, 'height', '高度', NULL, 20, 'modbus-tcp-demo', 1, '{\"name\": \"高度\", \"dataType\": \"int\", \"required\": null, \"dataSpecs\": {\"max\": \"20\", \"min\": \"10\", \"step\": \"1\", \"unit\": \"pH\", \"precise\": null, \"dataType\": \"int\", \"unitName\": \"PH值\", \"defaultValue\": null}, \"accessMode\": \"rw\", \"identifier\": \"height\", \"dataSpecsList\": null}', NULL, NULL, '1', '2026-01-17 23:24:26', '1', '2026-01-17 23:24:26', b'0', 1), (117, 'temperature', '温度', NULL, 21, 'm6XcS1ZJ3TW8eC0v', 1, '{\"name\": \"温度\", \"dataType\": \"int\", \"required\": null, \"dataSpecs\": {\"max\": \"50\", \"min\": \"0\", \"step\": \"1\", \"unit\": \"°C\", \"precise\": null, \"dataType\": \"int\", \"unitName\": \"摄氏度\", \"defaultValue\": null}, \"accessMode\": \"rw\", \"identifier\": \"temperature\", \"dataSpecsList\": null}', NULL, NULL, '1', '2026-01-24 22:15:21', '1', '2026-01-24 22:15:21', b'0', 1), (118, 'statusReport', '状态汇报', NULL, 21, 'm6XcS1ZJ3TW8eC0v', 3, NULL, '{\"name\": \"状态汇报\", \"type\": \"info\", \"method\": null, \"required\": null, \"identifier\": \"statusReport\", \"outputParams\": [{\"name\": \"内容\", \"dataType\": \"text\", \"dataSpecs\": {\"length\": 1000, \"dataType\": \"text\", \"defaultValue\": null}, \"direction\": \"output\", \"paraOrder\": 0, \"identifier\": \"message\", \"dataSpecsList\": null}]}', NULL, '1', '2026-01-24 22:16:59', '1', '2026-01-24 22:16:59', b'0', 1), (119, 'healthCheck', '健康检查', NULL, 11, 'jAufEMTF1W6wnPhn', 3, NULL, '{\"name\": \"健康检查\", \"type\": \"info\", \"method\": null, \"required\": null, \"identifier\": \"healthCheck\", \"outputParams\": [{\"name\": \"错误码\", \"dataType\": \"int\", \"dataSpecs\": {\"max\": \"500\", \"min\": \"0\", \"step\": \"1\", \"unit\": \"L/s\", \"precise\": null, \"dataType\": \"int\", \"unitName\": \"升每秒\", \"defaultValue\": null}, \"direction\": \"output\", \"paraOrder\": 0, \"identifier\": \"errorCode\", \"dataSpecsList\": null}]}', NULL, '1', '2026-01-24 22:20:24', '1', '2026-01-24 22:20:24', b'0', 1), (120, 'height', '高度', NULL, 22, 'modbus_tcp_master_product_demo', 1, '{\"name\": \"高度\", \"dataType\": \"int\", \"required\": null, \"dataSpecs\": {\"max\": \"100\", \"min\": \"10\", \"step\": \"5\", \"unit\": \"m\", \"precise\": null, \"dataType\": \"int\", \"unitName\": \"米\", \"defaultValue\": null}, \"accessMode\": \"rw\", \"identifier\": \"height\", \"dataSpecsList\": null}', NULL, NULL, '1', '2026-02-08 18:34:14', '1', '2026-02-08 18:34:14', b'0', 1), (121, 'width', '宽度', NULL, 22, 'modbus_tcp_master_product_demo', 1, '{\"name\": \"宽度\", \"dataType\": \"int\", \"required\": null, \"dataSpecs\": {\"max\": \"128\", \"min\": \"0\", \"step\": \"5\", \"unit\": \"m\", \"precise\": null, \"dataType\": \"int\", \"unitName\": \"米\", \"defaultValue\": null}, \"accessMode\": \"rw\", \"identifier\": \"width\", \"dataSpecsList\": null}', NULL, NULL, '1', '2026-02-08 18:34:40', '1', '2026-02-08 18:34:40', b'0', 1), (122, 'height', '高度', NULL, 23, 'modbus_tcp_slave_product_demo', 1, '{\"name\": \"高度\", \"dataType\": \"int\", \"required\": null, \"dataSpecs\": {\"max\": \"20\", \"min\": \"10\", \"step\": \"5\", \"unit\": \"m\", \"precise\": null, \"dataType\": \"int\", \"unitName\": \"米\", \"defaultValue\": null}, \"accessMode\": \"rw\", \"identifier\": \"height\", \"dataSpecsList\": null}', NULL, NULL, '1', '2026-02-08 18:36:08', '1', '2026-02-08 18:36:08', b'0', 1), (123, 'width', '宽度', NULL, 23, 'modbus_tcp_slave_product_demo', 1, '{\"name\": \"宽度\", \"dataType\": \"int\", \"required\": null, \"dataSpecs\": {\"max\": \"128\", \"min\": \"0\", \"step\": \"5\", \"unit\": \"m\", \"precise\": null, \"dataType\": \"int\", \"unitName\": \"米\", \"defaultValue\": null}, \"accessMode\": \"rw\", \"identifier\": \"width\", \"dataSpecsList\": null}', NULL, NULL, '1', '2026-02-08 18:36:30', '1', '2026-02-08 18:36:30', b'0', 1), (124, 'test_scene_rule', '测试场景联动', NULL, 16, '4aymZgOTOOCrDKRT', 2, NULL, NULL, '{\"name\": \"测试场景联动\", \"method\": null, \"callType\": \"async\", \"required\": null, \"identifier\": \"test_scene_rule\", \"inputParams\": [{\"name\": \"a\", \"dataType\": \"int\", \"dataSpecs\": {\"max\": \"20\", \"min\": \"10\", \"step\": \"1\", \"unit\": \"L/min\", \"precise\": null, \"dataType\": \"int\", \"unitName\": \"升每分钟\", \"defaultValue\": null}, \"direction\": \"input\", \"paraOrder\": 0, \"identifier\": \"a\", \"dataSpecsList\": null}, {\"name\": \"b\", \"dataType\": \"int\", \"dataSpecs\": {\"max\": \"100\", \"min\": \"5\", \"step\": \"50\", \"unit\": \"L/min\", \"precise\": null, \"dataType\": \"int\", \"unitName\": \"升每分钟\", \"defaultValue\": null}, \"direction\": \"input\", \"paraOrder\": 0, \"identifier\": \"b\", \"dataSpecsList\": null}], \"outputParams\": [{\"name\": \"sum\", \"dataType\": \"int\", \"dataSpecs\": {\"max\": \"5000\", \"min\": \"1000\", \"step\": \"50\", \"unit\": \"mg/kg\", \"precise\": null, \"dataType\": \"int\", \"unitName\": \"毫克每千克\", \"defaultValue\": null}, \"direction\": \"output\", \"paraOrder\": 0, \"identifier\": \"sum\", \"dataSpecsList\": null}]}', '1', '2026-02-13 17:21:32', '1', '2026-02-13 17:21:32', b'0', 1);
COMMIT;

SET FOREIGN_KEY_CHECKS = 1;
